date,pdf_return,cap20_return,etf_close,nav,aum,underlying_index_close,etf_close_return,nav_return,underlying_index_close_return,pdf_return_cum,cap20_return_cum,etf_close_return_cum,nav_return_cum,underlying_index_close_return_cum
2024-07-09,,,10395.0,10397.89,31193684277.0,6263.58,,,,0.0,0.0,0.0,0.0,0.0
2024-07-10,0.06646933912792177,0.06521352079902705,11100.0,11088.97,33266904362.0,6681.65,0.06782106782106778,0.06646348441847327,0.06674617391332105,0.06646933912792186,0.06521352079902698,0.06782106782106778,0.06646348441847327,0.06674617391332105
2024-07-11,0.0016302915295679193,0.00367568631794452,11090.0,11106.9,39984841720.0,6692.55,-0.0009009009009008917,0.001616922040550195,0.001631333577784,0.06820799505804587,0.06912891156311751,0.06685906685906673,0.06818787273187144,0.06848639276579838
2024-07-12,-0.024014911923374734,-0.02530404929954555,10850.0,10839.82,46611206551.0,6531.27,-0.021641118124436476,-0.024046313552836485,-0.024098437815182505,0.04255507414088222,0.04207562087735495,0.04377104377104368,0.042501892210823566,0.04273753987336315
2024-07-15,0.014554662635419373,0.013289593852318848,11010.0,10997.54,57187221376.0,6626.68,0.014746543778801913,0.014550057104269376,0.014608184931873769,0.05772911152384741,0.055924382642217996,0.059163059163059195,0.05767035427379996,0.0579700426912404
2024-07-16,-0.0066947596617934575,-0.007821164616648654,10930.0,10923.8,57896119261.0,6582.16,-0.0072661217075385975,-0.006705135875841428,-0.006718296341456154,0.05064786933491283,0.04766582422284005,0.05146705146705144,0.05057853083654473,0.050862286424057546
2024-07-17,-0.04626668883074218,-0.04660540076585381,10435.0,10418.19,57300021419.0,6276.48,-0.045288197621225934,-0.04628517548838307,-0.04644068208612373,0.0020378712937121346,-0.0011610613837540473,0.003848003848003767,0.0019523191724475364,0.0020595250639408036
2024-07-18,-0.03702657642695177,-0.03549174668993718,10060.0,10032.32,74239185609.0,6043.18,-0.035936751317680926,-0.03703810354773729,-0.037170515957989037,-0.03506416053044448,-0.036611599977167564,-0.03222703222703238,-0.03515809457495711,-0.0351875445033033
2024-07-19,0.008799767281441082,0.009191852847734954,10115.0,10120.26,81974071072.0,6096.54,0.005467196819085585,0.00876566935663936,0.008829788290271035,-0.02657294970159041,-0.02775627556894278,-0.026936026936027035,-0.02670060945057129,-0.026668454781450968
2024-07-22,-0.03625550857687463,-0.03618840781082054,9770.0,9753.26,89729962876.0,5874.63,-0.03410776075135935,-0.03626389045340728,-0.03639933470460288,-0.06186504247264624,-0.06294022796016496,-0.06012506012506025,-0.061996231927823886,-0.062097075474409236
2024-07-23,0.10868932768168035,0.10559944634380186,10805.0,10813.07,113537191088.0,6515.54,0.10593654042988732,0.10866212938033026,0.10909793467843931,0.04010021533568353,0.03601276515829088,0.03944203944203917,0.03992925487767218,0.040226196520200874
2024-07-24,0.009857027121824711,0.008704172463931018,10895.0,10919.58,121207350878.0,6580.03,0.008329477093937943,0.009850116571889389,0.009897874926713568,0.05035251136766328,0.045030398941062755,0.048100048100047754,0.05017267926473523,0.05052222530884887
2024-07-25,-0.09910376584458282,-0.09764401315913532,9850.0,9837.17,109192552396.0,5925.58,-0.09591555759522719,-0.09912560739515619,-0.09946003285699301,-0.05374137797318712,-0.057010563084834764,-0.052429052429052714,-0.053926325437180234,-0.0539627497373707
2024-07-26,-0.027609577755028848,-0.029681306013722045,9575.0,9565.18,104260473061.0,5761.37,-0.027918781725888353,-0.027649212120965716,-0.027712055191221774,-0.07986717897440287,-0.08499972112962129,-0.07888407888407922,-0.08008451714722908,-0.08017938622960041
2024-07-29,-0.0029451012821663505,-0.0021514323842810176,9530.0,9536.93,103952575312.0,5744.38,-0.004699738903394257,-0.0029534206360988247,-0.0029489513778840903,-0.08257706332536863,-0.08696828236120924,-0.08321308321308352,-0.08280141451775325,-0.08289189249598483
2024-07-30,-0.03660710981032899,-0.036998211768127016,9195.0,9187.71,101064800088.0,5533.25,-0.035152151101783824,-0.03661765368939496,-0.036754184089492714,-0.11616126551073136,-0.12074882320142599,-0.11544011544011568,-0.11638707468534504,-0.11659945270915373
2024-07-31,-0.0026190148088839115,-0.001071476655420157,9165.0,9163.53,101715162088.0,5518.68,-0.0032626427406199365,-0.0026317765798004045,-0.002633172186328081,-0.118476052245024,-0.12169092031161644,-0.11832611832611861,-0.11871254648779705,-0.11892559845966699
2024-08-01,0.023998073338996912,0.02495713033643889,9360.0,9383.35,110723521301.0,5651.68,0.02127659574468077,0.02398857208957672,0.02409996593388275,-0.09732117589671807,-0.09977084613415577,-0.09956709956709997,-0.0975717188775801,-0.09769173539732878
2024-08-02,-0.09788525838830155,-0.09686814335000574,8470.0,8464.48,99880866443.0,5096.2,-0.09508547008547008,-0.09792558094923465,-0.09828581943776016,-0.18568012583571603,-0.18697437285868668,-0.18518518518518556,-0.18594253257151228,-0.18637584256926565
2024-08-05,-0.08678171524216505,-0.08796081614296532,7700.0,7730.04,94306502828.0,4652.1,-0.09090909090909094,-0.08676729107990089,-0.08714336172049753,-0.2563482012714766,-0.2584887705671829,-0.25925925925925963,-0.25657609380364677,-0.2572777868247872
2024-08-06,0.07683416233952181,0.07907801037827193,8330.0,8323.83,101550746734.0,5011.22,0.08181818181818179,0.07681590263439775,0.07719524515810061,-0.19921033824389178,-0.19985153787048937,-0.19865319865319908,-0.199469315409184,-0.1999431634943596
2024-08-07,0.031990125788862976,0.030949730128228825,8595.0,8590.03,104798354897.0,5172.26,0.031812725090035965,0.031980470528590876,0.03213588706941617,-0.1735929762338928,-0.17508715890506366,-0.17316017316017362,-0.17386796744339472,-0.17423262734729994
2024-08-08,-0.031559667518236995,-0.03170421867245287,8310.0,8318.83,103153442443.0,5008.33,-0.03315881326352532,-0.03157148461646819,-0.031694075703850966,-0.19967410713868694,-0.2012403760048519,-0.20057720057720108,-0.19995018220042715,-0.20040456096992476
2024-08-09,0.038714968371481084,0.038846846361599234,8625.0,8640.67,108008366317.0,5203.14,0.03790613718411562,0.03868813282637107,0.03889719726934926,-0.1686895155096838,-0.1702110836116636,-0.1702741702741707,-0.16899774858168326,-0.1693025394423
2024-08-12,0.0048499851747205065,0.004848418992757259,8660.0,8682.49,110267608559.0,5228.51,0.004057971014492789,0.004839902461267531,0.0048759018592619,-0.16465767198431602,-0.16618791926946685,-0.16690716690716734,-0.1649757787397249,-0.16525214014988254
2024-08-13,-0.025932559872784585,-0.024862609956138405,8440.0,8457.23,105715428549.0,5092.37,-0.025404157043879882,-0.025944170393516153,-0.026038010829089075,-0.186320236919854,-0.18691866380938627,-0.1880711880711885,-0.18663978941881465,-0.18698731396421886
2024-08-14,0.015509761246332163,0.016428180286920946,8575.0,8588.19,107352412507.0,5171.69,0.015995260663507205,0.015484975577109816,0.01557624445984862,-0.17370025806350875,-0.1735612170305164,-0.1750841750841754,-0.17404492642257208,-0.17432362961756742
2024-08-16,0.04488845889359933,0.04239800491865302,8960.0,8973.36,112166979539.0,5404.83,0.044897959183673564,0.0448487981751684,0.045080041533811954,-0.13660893606380076,-0.13852186144521061,-0.1380471380471383,-0.13700183402594168,-0.13710210454724026
2024-08-19,-0.023390501066289413,-0.023697208547447092,8755.0,8763.39,108665993795.0,5277.94,-0.0228794642857143,-0.023399261814972427,-0.0234771491425263,-0.15680408566542514,-0.15893648855360998,-0.157768157768158,-0.1571953540574097,-0.15736048713355677
2024-08-20,0.027046680579663095,0.02508893844076023,9010.0,9000.29,111603548845.0,5421.29,0.029126213592232997,0.027032917626626407,0.02716021781225253,-0.13399843510434084,-0.1378350978901619,-0.1332371332371335,-0.13441188548830563,-0.13447421442689378
2024-08-21,0.009427803127540744,0.008108972207885676,9055.0,9085.01,115379630882.0,5472.6,0.00499445061043291,0.009413030024588043,0.00946453703823269,-0.12583394284236238,-0.13084382666033867,-0.12890812890812908,-0.12626407857748045,-0.1262824135717917
2024-08-22,-0.0066033815000549004,-0.007432525283138099,9035.0,9024.91,114616389277.0,5436.34,-0.002208724461623457,-0.006615292663409322,-0.006625735482220563,-0.13160639481217307,-0.13730385189368122,-0.13083213083213108,-0.13204409740822398,-0.13207143518562925
2024-08-23,-0.0056174525419684495,-0.005042999464679707,8960.0,8973.88,114865723154.0,5405.67,-0.00830105146651905,-0.005654350015678933,-0.005641663324957635,-0.13648455467706455,-0.14165442810676265,-0.1380471380471383,-0.13695182387965243,-0.13696799593842557
2024-08-26,-0.026801173791053914,-0.02663731703942622,8720.0,8733.31,117026373255.0,5260.22,-0.0267857142857143,-0.02680780219927159,-0.026906932905634284,-0.15962778219842388,-0.16451845123467035,-0.16113516113516135,-0.16008824867352878,-0.1601895401671255
2024-08-27,-0.01106843451821386,-0.00841283817094515,8620.0,8636.55,115729752080.0,5201.74,-0.011467889908256867,-0.011079418914478056,-0.011117405735881825,-0.1689293870620867,-0.17154722229924368,-0.170755170755171,-0.1693939828176677,-0.16952605379032504
2024-08-28,-0.0017634466992826026,-0.002929258890644603,8600.0,8621.22,115524306197.0,5192.51,-0.002320185614849146,-0.001775014328638136,-0.001774406256367933,-0.1703949357913429,-0.17397397496380285,-0.17267917267917288,-0.1708683203996194,-0.17099965195623001
2024-08-29,-0.03684528191595561,-0.03638157646841747,8290.0,8303.45,112096625173.0,5000.41,-0.03604651162790695,-0.03685905243109433,-0.03699559557901677,-0.2009619682610153,-0.20402610395856013,-0.20250120250120263,-0.20142932845029116,-0.20166901356732148
2024-08-30,0.021277653637279563,0.02132583518183925,8455.0,8479.83,113629681183.0,5107.26,0.019903498190591007,0.021241772997970587,0.021368247803680074,-0.1839603137786595,-0.18705129584253388,-0.1866281866281868,-0.18446627152239536,-0.1846100792198716
2024-09-02,-0.04330503342982015,-0.04415223274445964,8120.0,8112.48,107895997638.0,4885.2,-0.039621525724423456,-0.04332044392399381,-0.04347928243324217,-0.2192989396705346,-0.22294479623780117,-0.21885521885521908,-0.21979555467503498,-0.2200626478786898
2024-09-03,-0.005029349513608591,-0.0039214616989376285,8080.0,8071.56,105737479526.0,4860.54,-0.0049261083743842304,-0.005044080231938808,-0.005047899778924059,-0.22322535816857625,-0.22599198845731483,-0.22270322270322296,-0.22373096849456942,-0.22399969346603754
2024-09-04,-0.051876112856031734,-0.05242774150201386,7655.0,7652.68,99484855778.0,4607.28,-0.05259900990099009,-0.051895792139313834,-0.05210532163092996,-0.26352140715192685,-0.26657148040696255,-0.2635882635882638,-0.26401606479776174,-0.2644334390236899
2024-09-05,-0.05405432857139516,-0.0538212609332126,7205.0,7238.87,94829170949.0,4357.1,-0.05878510777269763,-0.05407386693289151,-0.0543010192564809,-0.30333126299553537,-0.3060455281358393,-0.3068783068783071,-0.3038135621746334,-0.3043754530156879
2024-09-06,-0.02899432293392285,-0.028826824914990556,7025.0,7028.69,92778740145.0,4230.15,-0.02498265093684937,-0.02903491843340189,-0.029136352160841095,-0.323530701334211,-0.3260500321952422,-0.32419432419432437,-0.3240272786113335,-0.32464341478834835
2024-09-09,0.038363705888820814,0.03575903984325877,7295.0,7298.27,97066962769.0,4393.24,0.03843416370106767,0.038354231016021645,0.03855418838575475,-0.2975788321173798,-0.30195022844414887,-0.2982202982202984,-0.2981008646946638,-0.2986055897745383
2024-09-10,0.011336900660271734,0.010839497188698146,7350.0,7380.92,98166227690.0,4443.28,0.007539410555174708,0.011324601583662997,0.011390226802997283,-0.28961555311542253,-0.29438371990779777,-0.29292929292929315,-0.2901521366354133,-0.29061654836371575
2024-09-11,0.04428055923043735,0.04354540110282076,7675.0,7707.69,103283096343.0,4640.94,0.04421768707482987,0.044272258742812376,0.044485155110638885,-0.25815933253876855,-0.2636573759665025,-0.26166426166426193,-0.25872556836050375,-0.25905951548475525
2024-09-12,0.03306879383044054,0.03272580590022761,7930.0,7962.55,107494456682.0,4795.11,0.03322475570032579,0.03306567856257847,0.033219563278128916,-0.2336275564514566,-0.23955997017631803,-0.23713323713323742,-0.2342148262772541,-0.23444579617407357
2024-09-13,-0.009035771152141598,-0.008044098381111755,7885.0,7890.04,104148494836.0,4751.59,-0.005674653215636871,-0.009106379237806994,-0.009075912752783521,-0.24055232246866876,-0.2456770245891553,-0.24146224146224182,-0.2411883564838634,-0.24139389933552435
2024-09-19,0.07398031688055637,0.07198272297368456,8465.0,8473.71,111005630462.0,5104.63,0.07355738744451501,0.0739755438502212,0.07429933979994074,-0.18436814263069823,-0.1913788028174711,-0.18566618566618598,-0.18505485247487696,-0.18502996688794637
2024-09-20,0.015119461222073007,0.01610142356756994,8580.0,8601.57,114400846485.0,5182.11,0.013585351447135352,0.015089022399869867,0.015178377277099253,-0.17203622839171562,-0.1783588504159198,-0.17460317460317487,-0.1727581268892051,-0.17266004425584158
2024-09-23,0.01624425604352121,0.014589402354065844,8725.0,8741.18,116257701926.0,5266.65,0.0168997668997668,0.016230757873272106,0.016313818116558743,-0.15858657289095113,-0.16637159709398053,-0.16065416065416105,-0.15933136434411166,-0.1591629706972696
2024-09-24,0.013588091335576553,0.015401226156314892,8845.0,8859.88,116950465284.0,5338.51,0.013753581661891223,0.013579402323256051,0.013644346975781652,-0.14715337039241283,-0.15353269753049748,-0.14911014911014941,-0.1479155867199976,-0.14769029851937765
2024-09-25,-0.002359241336715303,-0.0010935361705216296,8830.0,8838.86,117556901199.0,5325.87,-0.0016958733747880483,-0.002372492629696854,-0.0023677018493925006,-0.14916544141486132,-0.15445834014291182,-0.15055315055315088,-0.14993715071038394,-0.1497083137758285
2024-09-26,0.0457602456233112,0.04457892632855361,9220.0,9243.24,126632425194.0,5570.48,0.04416761041902606,0.045750243809721924,0.045928646399555406,-0.11023104302920372,-0.11676500078041974,-0.11303511303511338,-0.11104656810179714,-0.11065556758275685
2024-09-27,-0.023561398381676365,-0.022583024960283568,9035.0,9031.76,124638349596.0,5438.8,-0.02006507592190887,-0.022879423232546103,-0.023638896468526793,-0.1311952438920413,-0.13671111881359155,-0.1308321308321312,-0.13138530990422048,-0.13167868854552878
2024-09-30,-0.00019317809314443966,-0.0006300777355590982,9005.0,9029.83,128223521971.0,5437.73,-0.003320420586607642,-0.00021369035492535549,-0.00019673457380320336,-0.13136307793814106,-0.1372550579169829,-0.13371813371813412,-0.13157092448564045,-0.13184951736866202
2024-10-02,-0.011653744161859436,-0.011088409617068,8900.0,8924.4,129403814749.0,5374.13,-0.011660188784008874,-0.011675745833531814,-0.011696056994370707,-0.14148595039739498,-0.14682152722985298,-0.14381914381914418,-0.14171048164579514,-0.14200345489320854
2024-10-04,0.017367863753704943,0.01759310610639741,9070.0,9079.1,131646951728.0,5467.87,0.019101123595505642,0.017334498677782362,0.017442823303492894,-0.12657539535325546,-0.13181146783071374,-0.12746512746512784,-0.12683246312472973,-0.12703757276190342
2024-10-07,0.03525069695532667,0.0344557660667374,9390.0,9399.03,136285903108.0,5661.41,0.03528114663726578,0.035238074258461705,0.035395867129247804,-0.09578656930152718,-0.1018973668644646,-0.09668109668109703,-0.09606372062024082,-0.09613831067855805
2024-10-08,-0.03431069464749415,-0.035344526763404965,9050.0,9076.34,132514613328.0,5466.42,-0.03620873269435565,-0.034332266201937967,-0.03444194997359307,-0.12681076021838555,-0.13364037941760798,-0.12938912938912972,-0.1270979015934961,-0.12726906976521446
2024-10-10,0.0008838737857062287,0.00017138226716372894,9095.0,9084.26,132630178273.0,5471.3,0.004972375690607711,0.0008725984262378805,0.0008927232082422965,-0.1260389711393819,-0.1334919007416535,-0.12506012506012543,-0.1263362085961668,-0.12648996260924295
2024-10-11,-0.019639598703151993,-0.021100491479082904,8870.0,8905.53,133582990982.0,5363.43,-0.02473886750962062,-0.019674690068315903,-0.019715606894156745,-0.14320321502839828,-0.15177564750661054,-0.146705146705147,-0.14352527291594697,-0.14371174312453927
2024-10-14,0.05296522450534431,0.05324356024690814,9375.0,9377.09,139718637848.0,5648.68,0.056933483652762185,0.05295136841939785,0.05318424963129931,-0.09782278095692021,-0.10661316309173408,-0.09812409812409839,-0.09817376410021605,-0.09817069471452466
2024-10-15,-0.010270085593606426,-0.010554343273653,9280.0,9280.66,139209946428.0,5590.44,-0.010133333333333328,-0.010283574115210636,-0.010310373396970718,-0.10708821821709447,-0.116042274444627,-0.1072631072631075,-0.10744776103613296,-0.10746889159234863
2024-10-16,-0.03282450908522595,-0.03493419719655956,8970.0,8975.95,135536782100.0,5406.27,-0.03340517241379315,-0.03283279421937657,-0.03294373966986486,-0.13639760911053278,-0.1469226279426007,-0.13708513708513737,-0.13675274502807744,-0.13687220407498624
2024-10-17,0.024000402759834887,0.026746109391009684,9165.0,9191.3,147060804517.0,5536.56,0.021739130434782705,0.02399188943788655,0.024099795237751742,-0.1156708039048292,-0.12410612723055836,-0.1183261183261185,-0.11604181232923205,-0.11607100092918143
2024-10-18,-0.01293243278931278,-0.013438905722999295,9060.0,9072.1,148782410108.0,5464.68,-0.011456628477905073,-0.012968785699520091,-0.012982790758160334,-0.127107331796957,-0.13587718241005964,-0.12842712842712856,-0.12750567663247037,-0.12754686616918798
2024-10-21,0.0009754340541829375,0.001261656996436213,9065.0,9080.85,148925960639.0,5470.01,0.0005518763796910076,0.0009644955412748679,0.0009753544580834994,-0.12625588256274511,-0.13478695581146705,-0.12794612794612803,-0.12666415974779477,-0.12669591511563716
2024-10-22,-0.0023940454233502733,-0.0036687763399353103,9025.0,9059.02,151285693279.0,5456.85,-0.004412575841147293,-0.0024039599817197166,-0.0024058456931522754,-0.12834766566827505,-0.13796122895698937,-0.1317941317941319,-0.12876362415836262,-0.12879694998706848
2024-10-23,0.0028880501618674184,0.0015565714032413232,9070.0,9085.1,151721141200.0,5472.68,0.00498614958448762,0.0028788986005108264,0.002900941019086112,-0.12583029000301627,-0.1366194040574985,-0.1274651274651275,-0.12625542297523806,-0.12626964132333307
2024-10-24,-0.01634473195176879,-0.016718436215789906,8905.0,8936.48,148345535249.0,5382.89,-0.018191841234840078,-0.016358653179381677,-0.016406952352412296,-0.14011835959327246,-0.1510537774807139,-0.14333814333814332,-0.14054870747815174,-0.14060489368699725
2024-10-25,0.003147580620607094,0.0025864049927253954,8930.0,8964.86,148816724260.0,5399.9,0.0028074115665357446,0.0031757470502928875,0.003160012558309555,-0.1374118128059123,-0.14885805873223468,-0.1409331409331408,-0.1378193075710551,-0.13788919435849833
2024-10-28,-0.0014278688430000217,-0.0016284185670519858,8940.0,8951.94,149497479314.0,5392.18,0.0011198208286673506,-0.001441182572845534,-0.0014296561047425493,-0.1386434756027466,-0.15024407407259177,-0.13997113997113986,-0.13906186735962756,-0.13912171633474824
2024-10-29,0.009656281512589644,0.008578058912521388,9010.0,9038.27,151842979425.0,5444.46,0.007829977628635243,0.009643719685341834,0.009695522033760007,-0.13032597452046102,-0.14295481767872242,-0.13323713323713327,-0.13075922134202211,-0.13077505196708628
2024-10-30,-0.0035388240778945843,-0.00326431633388663,9000.0,9006.2,150403504961.0,5425.13,-0.0011098779134295356,-0.003548245405370687,-0.0035503980192709284,-0.1334035979017476,-0.14575248426625254,-0.1341991341991342,-0.13384350094105613,-0.1338611465008832
2024-10-31,-0.02264352791731621,-0.02234969317216887,8770.0,8802.16,148756555086.0,5301.81,-0.025555555555555554,-0.022655503986143022,-0.022731252522980916,-0.15302639772570514,-0.16484465413598925,-0.1563251563251563,-0.15346671295810976,-0.1535495674997368
2024-11-01,-0.007137205853872277,-0.00926960294767418,8730.0,8739.06,145942330870.0,5263.89,-0.004561003420752607,-0.0071686949566924785,-0.007152274411946102,-0.1590714226779325,-0.1725862125917762,-0.1601731601731602,-0.1595352518635993,-0.15960361326908912
2024-11-04,0.052780537096935774,0.053160351048108234,9170.0,9200.21,152723510401.0,5542.85,0.05040091638029787,0.052768833261243264,0.05299502839155079,-0.11468676070671158,-0.12860060519111027,-0.11784511784511786,-0.11518490770723677,-0.11506678289412775
2024-11-05,-0.0009350030127937112,-0.0015599881096702581,9155.0,9191.17,153492580006.0,5537.66,-0.0016357688113413094,-0.0009825862670524987,-0.0009363414128111813,-0.11551453125271693,-0.12995997788578606,-0.11928811928811933,-0.11605431486580442,-0.11589538251287623
2024-11-06,0.014374964536575755,0.01414945441078723,9290.0,9323.19,152900369916.0,5617.47,0.014746040415073658,0.014363786112105537,0.014412224658068684,-0.1028000840063581,-0.11764938625732069,-0.10630110630110645,-0.10335750810981825,-0.10315346814441595
2024-11-07,0.0224253492399089,0.023250326309852097,9535.0,9532.15,157280489439.0,5744.32,0.026372443487621133,0.022412929480145616,0.02258133999825529,-0.08268006255218374,-0.09713444656810521,-0.08273208273208288,-0.08326112317018153,-0.08290147168232886
2024-11-08,0.02529578608540355,0.02686278067553132,9775.0,9773.02,159300174068.0,5890.19,0.025170424750917686,0.025269220480164556,0.025393780290791534,-0.05947573364262804,-0.07288096722677206,-0.05964405964405983,-0.060095846368830474,-0.0596128731492217
2024-11-11,0.025511296485647983,0.02164500896182762,10005.0,10022.64,166375784256.0,6041.26,0.0235294117647058,0.02554174656349817,0.025647729529947316,-0.03548174023163864,-0.052813467453714624,-0.03751803751803784,-0.036089052682803935,-0.0354940784663087
2024-11-12,-0.042754353611684705,-0.04652323625490865,9590.0,9594.0,160219740964.0,5782.18,-0.041479260369815085,-0.0427671751155384,-0.04288509350698366,-0.07671909497470186,-0.09687965028483314,-0.07744107744107775,-0.07731280096250293,-0.07685700509932047
2024-11-13,-0.0680658337953355,-0.06756767722810811,8945.0,8940.84,149312041194.0,5387.23,-0.06725755995828986,-0.06808005003126949,-0.06830468785129495,-0.1395629796025607,-0.1579013945725236,-0.13949013949013978,-0.14012939163618765,-0.13991199920812092
2024-11-14,0.032321558079348375,0.030365903988278688,9210.0,9229.64,154134944966.0,5561.95,0.029625489100055802,0.03230121554574272,0.032432251825149416,-0.11175231447416345,-0.1323303091714495,-0.11399711399711432,-0.1123545257739792,-0.11201740857464937
2024-11-15,-0.036791423208277205,-0.03839662637317321,8890.0,8889.69,152902635296.0,5356.56,-0.034744842562432154,-0.03683242249968566,-0.03692769622164882,-0.14443221098611725,-0.1656458981055201,-0.14478114478114512,-0.1450486589106058,-0.14480855996091724
2024-11-18,-0.021264004830624163,-0.021637494422206773,8705.0,8700.54,150519352535.0,5242.21,-0.02080989876265471,-0.02127745736915454,-0.02134765595830168,-0.1626250085846349,-0.18369923033140723,-0.16257816257816293,-0.16323984962333693,-0.16306489260135615
2024-11-19,0.028215685028220007,0.02918951968178834,8940.0,8946.04,161028707394.0,5390.73,0.026995979322228525,0.028216639426978052,0.028331562451713976,-0.13899789957635056,-0.1598718029489068,-0.1399711399711404,-0.13962929017329473,-0.1393532133380595
2024-11-20,-0.013430181435659733,-0.014000585094595909,8800.0,8825.78,160629268766.0,5318.08,-0.015659955257270708,-0.013442819392714522,-0.013476838943890623,-0.15056131400152428,-0.17163408926209,-0.15343915343915393,-0.15119509823627675,-0.15095201146947945
2024-11-21,-0.020019115149594195,-0.019486733119091933,8650.0,8648.99,157411630905.0,5211.21,-0.017045454545454586,-0.02003109073645626,-0.020095598411456694,-0.16756632486904777,-0.18777623468959315,-0.1678691678691684,-0.16819758624105474,-0.16801413887904393
2024-11-22,-0.015444545427912234,-0.012770072574352594,8500.0,8515.16,160936501166.0,5130.39,-0.017341040462427793,-0.015473483030966628,-0.015508874138635664,-0.18042288458033162,-0.198148391119221,-0.18229918229918285,-0.18106846677547084,-0.1809173028842932
2024-11-25,0.05585687318146319,0.05931332960247117,8960.0,8990.73,179814544126.0,5417.96,0.054117647058823604,0.05584980200019718,0.05605226893082205,-0.13464386958190577,-0.15058790234940345,-0.13804713804713853,-0.13533130279316297,-0.13500585926898057
2024-11-26,-0.023352676893109776,-0.02493439622871783,8785.0,8780.69,176491886614.0,5291.05,-0.01953125,-0.023361840473465345,-0.02342394554407934,-0.1548522516930313,-0.1717674801536898,-0.1548821548821554,-0.15553155495970816,-0.15526743491741168
2024-11-27,0.004776167151707765,0.00382813411220486,8795.0,8822.52,178214860834.0,5316.44,0.0011383039271486428,0.0047638625210546515,0.004798669451242965,-0.1508156847792278,-0.16859689499162878,-0.15392015392015435,-0.15150862338416737,-0.15121384256287973
2024-11-28,-0.027844933407305233,-0.026462646731634565,8565.0,8576.71,177537984595.0,5167.84,-0.026151222285389464,-0.02786165403988894,-0.027951034903055283,-0.17446116548707824,-0.19059802165104933,-0.17604617604617645,-0.17514899657526684,-0.1749382940746349
2024-11-29,-0.003571329127927049,-0.005330744296894059,8515.0,8545.79,179461638682.0,5149.34,-0.00583771161704616,-0.0036051119834993317,-0.0035798321929471077,-0.1774094363730092,-0.19491273663102782,-0.18085618085618127,-0.17812267681231475,-0.1778918765306744
2024-12-02,-0.021986473738391847,-0.020265272366488857,8385.0,8357.84,181365050406.0,5035.71,-0.01526717557251911,-0.02199328558272562,-0.022066905661696445,-0.195495302197643,-0.21122804930199124,-0.19336219336219385,-0.19619845949514758,-0.19603325893498635
2024-12-03,0.06681223309184642,0.06530392149767109,8885.0,8916.22,193482036150.0,5373.49,0.059630292188431744,0.06680912771720915,0.06707693651937863,-0.14174454680458648,-0.15971814775404347,-0.14526214526214576,-0.1424971797162694,-0.14210563288087674
2024-12-04,-0.007985193580181075,-0.009845372278820262,8850.0,8844.9,191049754034.0,5330.44,-0.003939223410241999,-0.007998905365726672,-0.00801155301303258,-0.14859788273959795,-0.16799103540854154,-0.1486291486291491,-0.14935626362656274,-0.14897869908263361
2024-12-05,0.016295167126573258,0.016000764969518903,8945.0,8988.9,191463506056.0,5417.59,0.010734463276836248,0.016280568463182155,0.016349494600821135,-0.13472414294692148,-0.15467825551358083,-0.13949013949013989,-0.13550730003875788,-0.13506493091810134
2024-12-06,-0.027577541003489414,-0.026179781193354977,8745.0,8740.66,193168535006.0,5267.65,-0.02235885969815543,-0.027616282303730144,-0.02767651298824758,-0.15858632337413214,-0.17680859382222036,-0.15873015873015917,-0.15938137449040146,-0.1590033175915373
2024-12-09,-0.036025721014446115,-0.03748538858325558,8435.0,8425.72,186208491559.0,5077.26,-0.03544882790165804,-0.03603160402074912,-0.03614325173464439,-0.18889885774599502,-0.207666243561191,-0.18855218855218892,-0.18967021193722966,-0.1893996723918271
2024-12-10,0.05102102380709435,0.05447729922485961,8825.0,8855.54,192165227684.0,5337.24,0.04623592175459401,0.05101285112726295,0.051204783682537336,-0.14751564705709208,-0.16450204042571692,-0.1510341510341514,-0.14833297909479704,-0.1478930579636567
2024-12-11,0.02069205669568919,0.020948397847515794,9015.0,9038.68,195235472172.0,5448.04,0.021529745042492943,0.020680839338989898,0.02075979345129686,-0.12987599249380954,-0.14699969676776714,-0.13275613275613307,-0.13071979026514036,-0.130203493848566
2024-12-12,0.01200668269895433,0.01087869614793158,9100.0,9147.1,196662748578.0,5513.68,0.00942872989462007,0.011995114330853651,0.012048369688915761,-0.11942868962694031,-0.13772016565481005,-0.1245791245791249,-0.12029267476382233,-0.11972386398832624
2024-12-13,0.003930105655657666,0.0059721861176468514,9095.0,9192.51,196719629902.0,5535.39,-0.0005494505494505475,0.004964414951186713,0.003937479142786637,-0.11596795133983318,-0.13257046999860678,-0.12506012506012543,-0.11592544256575132,-0.11625779506288747
2024-12-16,0.027442929335368255,0.026362292735784797,9415.0,9447.83,170060946355.0,5688.18,0.035184167124793886,0.02777478621181806,0.027602391159430528,-0.09170752229825141,-0.10970303880104593,-0.09427609427609462,-0.09137046073770738,-0.09186439703811566
2024-12-17,0.010616821852355718,0.011576733392800149,9520.0,9547.95,176637039083.0,5748.58,0.011152416356877248,0.01059714241259635,0.01061851066597752,-0.08206434287265718,-0.09939630824082557,-0.08417508417508457,-0.0817415841098531,-0.08222134945191095
2024-12-18,-0.02126294362847043,-0.021663747403111687,9295.0,9344.78,162599203597.0,5626.29,-0.023634453781512632,-0.021278913274577316,-0.021273079612704304,-0.10158235700471885,-0.11890675912940618,-0.10582010582010626,-0.10128112530523026,-0.10174532775186074
2024-12-19,-0.011070523363076087,-0.010816558445345167,9235.0,9241.2,144162716327.0,5563.99,-0.0064550833781602535,-0.011084263085915369,-0.011073016143853254,-0.11152831051129786,-0.12843715566508151,-0.11159211159211202,-0.11124276175262493,-0.11169171623895602
2024-12-20,-0.02160221065149762,-0.02367942637387547,9010.0,9041.24,118440190811.0,5443.74,-0.024363833243096877,-0.02163788252607901,-0.021612188375608188,-0.1307212631055248,-0.14907526386771563,-0.1332371332371336,-0.1304735864680241,-0.1308900022032129
2024-12-23,0.036659255866595325,0.03831672676940006,9360.0,9372.49,98411156339.0,5643.34,0.0388457269700333,0.03663767359344505,0.03666596861716398,-0.0988541514703195,-0.11647061325201113,-0.09956709956709997,-0.09861616154816066,-0.0990232422991324
2024-12-24,-0.004446785097119815,-0.0041004065509248,9300.0,9330.65,98904895678.0,5618.2,-0.0064102564102563875,-0.004464128529344968,-0.004454808677130995,-0.10286135339989266,-0.12009344293736712,-0.10533910533910573,-0.102640054857284,-0.10303692137723153
2024-12-26,-0.00814703943353209,-0.008666751010164727,9230.0,9254.53,96247150482.0,5572.42,-0.007526881720430145,-0.008158059727885969,-0.008148517318714132,-0.11017037733108936,-0.12771937397964017,-0.11207311207311255,-0.10996077088717071,-0.1103458405576363
2024-12-27,-0.01057510267324893,-0.010063969779053786,9200.0,9222.44,103291355277.0,5513.48,-0.00325027085590468,-0.0034674910557316307,-0.010577092178981617,-0.11958041695251143,-0.13649797983876322,-0.11495911495911548,-0.11304697395336971,-0.11975579460947261
2024-12-30,0.002203617173098631,0.0012764689346921546,9240.0,9242.45,103515442009.0,5525.76,0.004347826086956497,0.0021697077996711833,0.0022272684402593335,-0.11764030923977564,-0.1353957463349834,-0.1111111111111116,-0.11112254505481434,-0.11779525447108519
2025-01-02,0.04860331340939955,0.05065704501622413,9670.0,9691.61,104669382938.0,5796.3,0.04653679653679643,0.04859750390859574,0.04895978109798471,-0.07475470464993561,-0.09159744973585593,-0.06974506974507033,-0.06792531946385305,-0.07460270324638618
2025-01-03,0.0017806329162169269,0.0022324542861079317,9700.0,9708.52,101939420278.0,5806.73,0.0031023784901758056,0.0017448081381730152,0.0017994237703360394,-0.07310718242146053,-0.08956948256900743,-0.0668590668590674,-0.06629902797586862,-0.07293752135360299
2025-01-06,0.0030532211490168068,0.0013660583449545136,9740.0,9738.02,101275419314.0,5824.56,0.004123711340206171,0.003038568185470103,0.003070575005209575,-0.07027717366795794,-0.08832578136316949,-0.06301106301106352,-0.06346191390753353,-0.07009090647840377
2025-01-07,0.009846409487979704,0.0096730111484842,9800.0,9833.75,102270960492.0,5882.32,0.006160164271047153,0.009830540500019413,0.00991662889557321,-0.061122742009570796,-0.07950714648250978,-0.05723905723905787,-0.054255238322390875,-0.060869343091331185
2025-01-08,-0.01091653163223267,-0.010981996010873128,9715.0,9726.33,102126414616.0,5817.65,-0.00867346938775515,-0.010923604931994402,-0.010993961566184818,-0.07137202529520725,-0.08961599532787612,-0.06541606541606604,-0.06458618046546027,-0.07119410943901094
2025-01-09,0.03483605984237527,0.03439811838327687,10065.0,10065.04,104676367480.0,6021.88,0.03602676273803396,0.03482402920731675,0.03510524008835181,-0.0390222855970872,-0.058300498560922676,-0.03174603174603241,-0.032011302293061705,-0.038588155655391976
2025-01-10,-0.010234693007480353,-0.010709107327639208,9960.0,9961.68,100613013300.0,5959.77,-0.010432190760059634,-0.01026920906424622,-0.010314054747022516,-0.048857597491031135,-0.06838525959221808,-0.041847041847042576,-0.04195178060164173,-0.04850421005239813
2025-01-13,0.0011006410822721683,0.0011183637910180647,9970.0,9972.53,101719822126.0,5966.38,0.0010040160642570406,0.001089173713670899,0.0011091032036469883,-0.04781073108773859,-0.0673433753993673,-0.040885040885041635,-0.04090829966464382,-0.04744890302351068
2025-01-14,0.018471245369307606,0.01792456523323058,10130.0,10156.59,103597178423.0,6077.41,0.016048144433299827,0.01845670055642845,0.0186092739651178,-0.030222609463638528,-0.050625910891508696,-0.025493025493026344,-0.023206631345398354,-0.029722618694101643
2025-01-15,0.030920465365337067,0.029753044787116517,10475.0,10470.56,106799703481.0,6266.79,0.03405725567620932,0.030912934360843414,0.031161300619836352,-0.00023664124747202475,-0.022379141098535782,0.007696007696006868,0.006988917943928419,0.0005124864693990538
2025-01-16,0.03893173672055714,0.04068502890789356,10860.0,10878.05,112043867554.0,6512.51,0.03675417661097846,0.038917689216240614,0.03920986661432724,0.03868588261834116,0.01739539180682992,0.04473304473304385,0.0461785996966686,0.03974244760983314
2025-01-17,0.052437340996469205,0.05198547316007211,11405.0,11448.12,121350074210.0,6856.31,0.05018416206261511,0.05240553224153244,0.05279070588759183,0.09315180843341753,0.07028517264078493,0.09716209716209634,0.10100414603347363,0.09463118536044868
2025-01-20,-0.05176647733499396,-0.052020152985062414,10845.0,10855.31,116151819126.0,6499.01,-0.04910127137220521,-0.051782301373500705,-0.052112579507052614,0.036563190118441335,0.014608774222367282,0.04329004329004249,0.04399161753009451,0.03758713068245312
2025-01-21,0.0006997228386143111,0.001987782102829167,10870.0,10862.78,119490586878.0,6503.6,0.002305209774089434,0.0006881424851064022,0.0007062614152002489,0.03728849705623416,0.01662559538513997,0.0456950456950449,0.04471003251621197,0.03831993843776238
2025-01-22,0.04352290864161969,0.046531816264802454,11345.0,11335.42,124689657315.0,6788.6,0.043698252069917176,0.04351004070781128,0.04382188326465353,0.08243430954861575,0.06393103079969675,0.09139009139009047,0.09016540855885125,0.08382107357134427
2025-01-23,0.015449391226333502,0.015298225355524813,11510.0,11510.39,132369541697.0,6894.11,0.014543851917144135,0.015435687429314449,0.015542232566361225,0.09915726067363861,0.08020728747160621,0.10726310726310628,0.10699286105161665,0.10066607275711337
2025-01-24,0.047140754506267625,0.049890418731444265,12050.0,12052.07,147035295804.0,7221.26,0.04691572545612521,0.047060090926545506,0.04745355092970671,0.15097236326283614,0.13409928136032212,0.15921115921115825,0.15908804574774238,0.1528965862972933
2025-01-31,-0.06956115328495126,-0.07284818917503064,11180.0,11213.26,137923137028.0,6715.85,-0.0721991701244813,-0.0695988323997454,-0.0699891708649183,0.0709093982751674,0.05148220236851908,0.07551707551707465,0.0784168711151969,0.07220631012935108
2025-02-03,-0.03375157515973366,-0.03440982422177113,10815.0,10834.6,119180588942.0,6487.72,-0.03264758497316633,-0.033768948548414945,-0.03396889448096674,0.03476451923001789,0.01530088461269763,0.040404040404039554,0.0419998672807651,0.03578464711874041
2025-02-04,0.02620484783973391,0.027972970648390556,11115.0,11118.36,128972929518.0,6658.81,0.0277392510402219,0.02619016853414058,0.026371360046364645,0.06188036600639579,0.04370186645725371,0.06926406926406847,0.06929001941740043,0.06309969697840545
2025-02-05,-0.017231968157489227,-0.016376989587248793,10915.0,10926.62,123470814032.0,6543.3,-0.017993702204228468,-0.01724534913422482,-0.017346943372764878,0.043582077352310566,0.026609171858091196,0.050024050024049194,0.050849739706805286,0.04465816673531764
2025-02-06,0.028360214605410407,0.030026596359504665,11220.0,11236.4,126971318209.0,6730.11,0.027943197434722844,0.028350944756933005,0.028549814313878263,0.07317828902438217,0.057434751080439606,0.07936507936507842,0.08064232262507032,0.07448296341708738
2025-02-07,-0.026410023840859498,-0.026894800568101472,10945.0,10939.2,125800840808.0,6551.19,-0.02450980392156865,-0.026449752589797315,-0.026585003811230412,0.044835624825755316,0.028995254336351195,0.05291005291005191,0.05205960055357317,0.04591782973954195
2025-02-10,-0.02968707836707655,-0.030565323984221637,10585.0,10615.39,124200051945.0,6355.4,-0.032891731384193656,-0.029600884891034185,-0.02988617335171162,0.013817507750839786,-0.0024563189906658955,0.01827801827801734,0.020917705419079446,0.014659348168299946
2025-02-11,0.012431424039218986,0.01218426265893599,10760.0,10747.21,127891858163.0,6434.96,0.016532829475673028,0.012417819788062445,0.01251848821474666,0.026420703088074537,0.00969801523251368,0.035113035113033986,0.033595277503415844,0.027361349260327295
2025-02-12,0.05589866099084281,0.056309784078828785,11350.0,11347.79,138443007106.0,6797.01,0.05483271375464693,0.055882410411632666,0.056262975993634834,0.08379624600397717,0.06655389245507837,0.09187109187109077,0.09135507300038714,0.08516375619054939
2025-02-13,0.036748252508677214,0.03705298079263919,11715.0,11764.67,143528923790.0,7048.33,0.032158590308370094,0.036736668549558926,0.03697508169033137,0.12362386412008797,0.10607289334653092,0.12698412698412587,0.1314478225870821,0.12528777472308184
2025-02-14,-0.05359907062525763,-0.054017679844324575,11125.0,11129.73,136895674087.0,6668.27,-0.050362782757149005,-0.05397006460869713,-0.053921992869232827,0.06339866927089055,0.04632540190925227,0.07022607022606908,0.07038351050068758,0.06461001535862887
2025-02-17,-0.0019407244156189809,-0.0031744936500886656,11075.0,11107.97,134406426505.0,6655.26,-0.004494382022471877,-0.0019551237990499404,-0.0019510307770981283,0.06133490550989973,0.043003848564964864,0.06541606541606426,0.06829077822519714,0.06253292845305736
2025-02-18,0.0830158616284051,0.08381250083987409,12010.0,12050.51,150631358073.0,7211.06,0.08442437923250568,0.08485258782657867,0.08351289055574096,0.14944253716710598,0.13042060949880785,0.15536315536315404,0.15893801530887486,0.15126812461882855
2025-02-19,-0.010804618240934193,-0.011326886326366366,11890.0,11920.14,149001703647.0,7132.54,-0.009991673605328932,-0.010818629253035783,-0.010888829104181652,0.1370232493631247,0.11761646375403312,0.14381914381914251,0.14639989459399905,0.13873216275676237
2025-02-20,-0.020452776812095383,-0.020450874819810866,11650.0,11676.2,138946734941.0,6985.55,-0.020185029436501245,-0.020464524745514634,-0.02060836672489741,0.11376796661373723,0.0947602293572396,0.12073112073111947,0.12293936558282481,0.11526475274523551
2025-02-21,-0.015509202387867752,-0.015837303682245188,11510.0,11494.67,129889753913.0,6876.42,-0.012017167381974225,-0.015547010157414332,-0.015622248784991855,0.09649431380640072,0.07742217914566463,0.10726310726310606,0.10548101585994818,0.09784180931671704
2025-02-24,-0.03783577541725177,-0.03813962973208541,11055.0,11059.62,116125973897.0,6614.26,-0.03953084274543872,-0.037847976496932834,-0.0381244891964132,0.055007601202928136,0.036329696167912484,0.06349206349206238,0.06364079635387543,0.05598715111805119
2025-02-25,-0.011737250047948997,-0.01235331383438198,10965.0,10929.66,116947324746.0,6536.01,-0.008141112618724522,-0.011750855816022643,-0.01183049955701776,0.04262471318512251,0.023527590195260517,0.05483405483405379,0.051142106715881486,0.04349429559453255
2025-02-26,0.012033147078757949,0.012343459802497613,11055.0,11061.05,119459311402.0,6615.29,0.008207934336525335,0.012021416951670805,0.012129724403726394,0.05517076970682688,0.03616146186158309,0.06349206349206238,0.0637783242561707,0.05615159381695478
2025-02-27,-0.022473244410413346,-0.02303217014347155,10840.0,10842.98,117104179595.0,6465.46,-0.019448213478064247,-0.01971512650245677,-0.022649044864246348,0.031457659104481506,0.012296414775878839,0.04280904280904174,0.04280580002288881,0.032230768985149316
2025-02-28,-0.04531645919745642,-0.04563330770241161,10340.0,10350.89,114894914876.0,6169.26,-0.04612546125461259,-0.04538328024214744,-0.04581267226152508,-0.01528434981823068,-0.03389801900563694,-0.005291005291006345,-0.004520147837686728,-0.015058480932629292
2025-03-04,0.020984899790256726,0.021867850662889713,10600.0,10567.99,118361541083.0,6300.19,0.025145067698259194,0.02097404184567697,0.02122296677397273,0.0053798094227310855,-0.01277144516013029,0.019721019721018695,0.016359088238093955,0.005844900200843828
2025-03-05,0.026671357636774196,0.02648572927334938,10840.0,10849.76,121517313437.0,6470.13,0.02264150943396226,0.026662591467251584,0.026973789679358928,0.0321946538806368,0.01337602307427832,0.04280904280904174,0.04345785539181457,0.032976348988917215
2025-03-06,-0.061554703275924307,-0.06195248779102367,10160.0,10181.89,115055335122.0,6067.68,-0.0627306273062731,-0.06155620032148179,-0.06220122315934917,-0.0313417817619811,-0.04940514262294704,-0.02260702260702363,-0.020773445381707778,-0.031276043412872157
2025-03-07,-0.028190501435205188,-0.028747690143341113,9885.0,9894.49,113786638365.0,5894.66,-0.02706692913385822,-0.028226586616040827,-0.02851501727184036,-0.05864874265344322,-0.07673254903467608,-0.04906204906205003,-0.04841366854236828,-0.05889922376659962
2025-03-10,0.0011816317860044896,0.0017315160055046991,9900.0,9906.07,117882182428.0,5901.7,0.0015174506828528056,0.0011703483453922026,0.001194301282855914,-0.05753641208596727,-0.07513389666596815,-0.04761904761904856,-0.04729998105384903,-0.05777526590224735
2025-03-11,-0.021976000160473155,-0.022093890162986796,9700.0,9688.29,118197183605.0,5770.5,-0.02020202020202022,-0.02198450041237332,-0.02223088262703965,-0.07824799204520616,-0.09556778676849986,-0.06685906685906784,-0.06824461501323875,-0.07872175337426812
2025-03-12,-0.0019784625935723756,-0.0014437068205886785,9640.0,9669.05,118929267627.0,5759.01,-0.006185567010309256,-0.001985902568977793,-0.0019911619443722106,-0.08007164391349497,-0.09687352172350228,-0.0726310726310736,-0.0700949904259428,-0.0805561675591272
2025-03-13,0.03867793544069105,0.037019611825871164,10010.0,10042.86,123527124480.0,5984.36,0.0383817427385893,0.03866046819491076,0.03912998935580925,-0.04449071434672014,-0.06344013006804017,-0.03703703703703798,-0.034144427379016795,-0.04457834018245144
2025-03-14,0.03830474674041975,0.03908159969610811,10450.0,10427.16,131382242603.0,6216.23,0.04395604395604402,0.03826599195846603,0.038745997901195706,-0.007890173151651747,-0.026837872139920282,0.005291005291004458,0.002814994195937448,-0.00755957455640377
2025-03-17,0.007515525701765258,0.010120875266729046,10480.0,10505.34,129215672211.0,6263.48,0.002870813397129135,0.007497727089639028,0.007601070101975083,-0.000433946248999173,-0.01698861962954379,0.008177008177007394,0.010333827343816493,-1.596531057301842e-05
2025-03-18,0.0033755595494890677,0.003425746525336595,10540.0,10540.68,134920736334.0,6284.85,0.005725190839694694,0.0033640034496742466,0.0034118413405967996,0.0029401484890851926,-0.013621071808873286,0.013949013949013267,0.013732593824323569,0.003395821558917156
2025-03-19,-0.023717085974160505,-0.024391863322844067,10280.0,10290.61,132748856754.0,6134.15,-0.024667931688804545,-0.023724275853170718,-0.023978297015839756,-0.020846669239567794,-0.03768069180984468,-0.011063011063011774,-0.010317477872914926,-0.020663901474875068
2025-03-20,0.0015398823281430351,0.0020961624894929934,10310.0,10306.36,132952062788.0,6143.73,0.0029182879377431803,0.0015305215142737971,0.0015617485715218038,-0.019338888328987447,-0.03566351417310154,-0.008177008177008949,-0.008802747480498696,-0.019134424721963694
2025-03-21,-0.03785759031427126,-0.03866052931665659,9930.0,9915.85,129897598126.0,5908.53,-0.036857419980601325,-0.037890195956671424,-0.03828293235542579,-0.05646435493176649,-0.07294527315453403,-0.0447330447330454,-0.04635940561017693,-0.05668483519009859
2025-03-24,0.001339056650843743,0.0017855344363832395,9930.0,9929.03,131063173418.0,5916.56,0.0,0.001329185092553864,0.0013590520823285601,-0.05520090725092974,-0.07128998501533956,-0.0447330447330454,-0.04509184074845973,-0.05540282075107161
2025-03-25,-0.0037519141302265894,-0.0026098520144421356,9900.0,9891.64,133537187644.0,5894.1,-0.0030211480362537513,-0.0037657253528291523,-0.003796124775207188,-0.05874571231724024,-0.07371378071877976,-0.04761904761904823,-0.048687762613376706,-0.0589886295058093
2025-03-26,0.006638159379417598,0.007619310702953359,9930.0,9955.34,134397125991.0,5933.65,0.003030303030302939,0.006439781472030948,0.0067100999304388065,-0.05249751633904187,-0.06665611821421213,-0.0447330447330454,-0.04256151969293798,-0.052674349174114066
2025-03-27,-0.05813240648423281,-0.060085370122989805,9395.0,9376.53,127520756383.0,5584.78,-0.05387713997985899,-0.05814065617045716,-0.05879517666191969,-0.10757811586404087,-0.12273643080333918,-0.09620009620009684,-0.09822762118083594,-0.10837252817079013
2025-03-28,-0.01672036977748727,-0.0172044324469067,9190.0,9219.47,124462903298.0,5490.28,-0.021820117083555135,-0.016750333012319207,-0.016920988830356753,-0.12249973976431594,-0.1378292526177154,-0.11592111592111665,-0.11333260882736818,-0.12345974666245141
2025-03-31,-0.02949042979507596,-0.028308828337999685,8950.0,8947.51,122580886866.0,5326.38,-0.026115342763873728,-0.029498441884403204,-0.02985275796498532,-0.14837759958395724,-0.1622362963034053,-0.1390091390091397,-0.1394879153366695,-0.14962689069190416
2025-04-01,0.005739393837098536,0.0057655598751667585,9000.0,8998.8,125983130252.0,5357.36,0.005586592178770999,0.005732321059154888,0.005816333044206257,-0.1434898032274744,-0.15740611950850114,-0.13419913419913487,-0.13455518379209663,-0.1446808374763311
2025-04-02,-0.021914360483707925,-0.02181021226862438,8810.0,8801.49,124100994691.0,5238.48,-0.02111111111111108,-0.02192625683424454,-0.022190033897292682,-0.16225967643751904,-0.17578327089826462,-0.1524771524771531,-0.1535311491081367,-0.16366039868573534
2025-04-03,0.0002386998626554012,-0.0002676076937801594,8770.0,8803.49,124129249211.0,5239.74,-0.004540295119182747,0.00022723425238235784,0.00024052778668615105,-0.1620597079373438,-0.17600383763631455,-0.15632515632515698,-0.15333880239163933,-0.1634592357725132
2025-04-04,0.016845484997842847,0.0166433442819047,8965.0,8951.54,128007082373.0,5329.14,0.022234891676168766,0.016817194090071208,0.017061915285873086,-0.14794419731831432,-0.16228978581912745,-0.13756613756613822,-0.13910033670292743,-0.1491862481200843
2025-04-07,-0.09814248843265788,-0.10017895755360995,8050.0,8072.93,117057545200.0,4799.54,-0.10206358059118792,-0.09815182638964925,-0.09937813605947687,-0.23156707407698063,-0.2462107218077786,-0.22558922558922612,-0.22359921099376923,-0.23373853291568059
2025-04-08,0.01631054759273406,0.01733871280016545,8195.0,8204.51,119785798222.0,4878.91,0.01801242236024847,0.01629891501598557,0.016537001462640255,-0.21903351226688927,-0.23314098600135968,-0.21164021164021218,-0.21094472051541258,-0.22106686591374236
2025-04-09,-0.03392412554591191,-0.03460564315319864,7935.0,7926.1,116513704715.0,4711.14,-0.031726662599145805,-0.03393377544789389,-0.03438677901416498,-0.2455271174438972,-0.25967863538861047,-0.2366522366522371,-0.23772034518541774,-0.24785186746237742
2025-04-10,0.1200563964503266,0.1226197638295376,8850.0,8877.59,130500590071.0,5284.77,0.11531190926275992,0.1200451672323084,0.12176033826207666,-0.15494782194472112,-0.16890060450200084,-0.1486291486291491,-0.14621235654541487,-0.15627005642140723
2025-04-11,0.018823561953711904,0.017769070670830767,9010.0,9044.38,132047921636.0,5385.46,0.01807909604519775,0.018787756587091753,0.019052863227727812,-0.13904092991697847,-0.15413274060891224,-0.1332371332371337,-0.1301716021231234,-0.14019458520526584
2025-04-14,0.016444659148665924,0.016405874869296986,9185.0,9193.04,134218441358.0,5475.11,0.01942286348501665,0.016436726453333605,0.016646674564475328,-0.12488275146851069,-0.14025554819530683,-0.11640211640211684,-0.11587447068587975,-0.12588168427640423
2025-04-15,0.049516530191824504,0.05064464644880564,9635.0,9648.19,139898807516.0,5749.51,0.04899292324442017,0.0495102816913664,0.05011771452993652,-0.08154998181021478,-0.0967140943973358,-0.07311207311207368,-0.07210116667900923,-0.08207287206358016
2025-04-16,-0.033372485091592664,-0.033300642471654526,9320.0,9326.15,135229121238.0,5555.43,-0.03269330565646078,-0.03337828131494103,-0.03375592006971029,-0.11220094134962633,-0.12679409538949482,-0.10341510341510396,-0.10307283496940278,-0.11305834682402072
2025-04-17,0.03601042909608427,0.03721832766822486,9675.0,9661.88,141063433061.0,5757.86,0.03809012875536477,0.035998777630640744,0.036438223503851175,-0.08023091629652668,-0.09429483190987242,-0.0692640692640698,-0.07078455340458534,-0.08073976863071908
2025-04-18,-0.003041947665997815,-0.0028443657776731548,9605.0,9632.21,141593475944.0,5740.15,-0.007235142118863003,-0.0030708309355943486,-0.0030757955212527,-0.08302880571395543,-0.0968709886946496,-0.07599807599807651,-0.07363801694382266,-0.08356722513323045
2025-04-21,-0.004936164270145499,-0.0051924428391885375,9560.0,9584.58,142810271790.0,5711.49,-0.00468505986465384,-0.004944867273450115,-0.004992900882381135,-0.08755512615994288,-0.10156043446226548,-0.0803270803270808,-0.07821875399720546,-0.08814288314350571
2025-04-22,-0.04510740718758935,-0.04765797492005952,9170.0,9152.19,137282895741.0,5450.86,-0.04079497907949792,-0.04511308789743518,-0.04563257573767965,-0.1287131486204749,-0.14437824474385197,-0.11784511784511831,-0.1198031523703369,-0.12975327209040188
2025-04-23,0.02570223379394765,0.024582416725411317,9395.0,9387.39,140810852559.0,5592.66,0.024536532170119862,0.025698767180314164,0.02601424362394189,-0.10631913026472584,-0.12334499419681744,-0.09620009620009673,-0.09718317851025571,-0.10711446169762329
2025-04-24,-0.004181088554434172,-0.00481553281738869,9340.0,9348.08,143960380219.0,5569.0,-0.0058541777541245565,-0.00418753242381531,-0.00423054503581477,-0.1100556891204928,-0.12756655514679072,-0.10149110149110208,-0.10096375322300988,-0.11089185417923919
2025-04-25,0.03635761419771609,0.03817834658634741,9685.0,9687.69,151127960679.0,5773.86,0.03693790149892928,0.03632938528553464,0.03678577841623265,-0.07769943720808348,-0.09425848871566389,-0.06830206830206897,-0.06830231902818762,-0.07818531893900926
2025-04-28,-0.002007857595937473,-0.0009804074406715747,9665.0,9549.18,162335989068.0,5762.14,-0.0020650490449147796,-0.014297526035618402,-0.0020298379247157827,-0.07955128539882261,-0.09514648443265217,-0.07022607022607086,-0.08162329087920739,-0.08005645333818667
2025-04-29,0.062141093099722294,0.06306029557148904,10150.0,10149.8,172546572265.0,6124.3,0.05018106570098291,0.06289754722394991,0.06285164886656691,-0.02235359613127108,-0.03808615429207429,-0.02356902356902424,-0.023859648447906667,-0.022236484566334203
2025-04-30,-0.020014023342835682,-0.021133185592466422,9920.0,9947.07,169100220564.0,6001.85,-0.022660098522167438,-0.019973792587046013,-0.019994121777182627,-0.04192023407933909,-0.058414458117382995,-0.045695045695046344,-0.043356873365654414,-0.04178600736320115
2025-05-02,0.021592972748734337,0.022499011907043284,10125.0,10161.4,172743840363.0,6131.71,0.02066532258064524,0.021547048527857937,0.021636662029207665,-0.021232443802700507,-0.037229713799066255,-0.025974025974026538,-0.022744037492222424,-0.021053455052861048
2025-05-07,0.019965429955264555,0.020368157888805152,10360.0,10364.21,176191489751.0,6254.37,0.02320987654320983,0.019958863936071713,0.020004207635390348,-0.0016909287169578624,-0.017619856599075612,-0.003367003367004018,-0.0032391187058148363,-0.0014704051037904842
2025-05-08,0.020457362922562592,0.021985399837975927,10570.0,10576.13,177679009228.0,6382.55,0.020270270270270174,0.020447289277233827,0.02049447026638984,0.01873184226316571,0.003978163646481958,0.01683501683501598,0.017141939374237802,0.018993929988920133
2025-05-09,-0.005338631183959007,-0.006112325894747704,10520.0,10519.3,174620321126.0,6348.38,-0.004730368968779541,-0.00537342109070138,-0.0053536595874689175,0.013293208681967483,-0.002158478080935722,0.012025012025011161,0.011676407424967339,0.013538583366062396
2025-05-12,0.025347183144814562,0.025106246952972557,10790.0,10785.81,179044367866.0,6509.58,0.025665399239543696,0.025335336001444997,0.025392304808470767,0.03897733722182628,0.022893577588294356,0.037999037999037144,0.037307569131813656,0.039274664010039206
2025-05-13,0.017222139153139936,0.016929490854015652,10940.0,10971.52,182127280303.0,6621.93,0.013901760889712733,0.017217992899930756,0.017259178011484577,0.05687074950041948,0.04021064505470662,0.052429052429051604,0.05516792349216959,0.05721169043901431
2025-05-14,0.0338209914964435,0.032445273252029436,11320.0,11342.55,189420518438.0,6846.29,0.034734917733089565,0.0338175567286938,0.03388136087213245,0.09261516613211307,0.07396056367317638,0.08898508898508806,0.09085112460316402,0.09303146124101569
2025-05-15,0.0013807993271597301,0.0020695167972706856,11320.0,11358.11,197631168617.0,6855.75,0.0,0.0013718255595083217,0.0013817702726586223,0.09412384841835286,0.0761831430993043,0.08898508898508806,0.09234758205751303,0.09454177962123911
2025-05-16,0.014011217219780348,0.01480713623000327,11490.0,11516.93,200394591947.0,6951.97,0.015017667844523075,0.01398296019320111,0.014034934179338654,0.10945385532388441,0.09211833350760879,0.10533910533910462,0.10762183481456278,0.10990360145475941
2025-05-19,-0.025251214363087006,-0.026256841177158104,11240.0,11225.94,195331405298.0,6776.12,-0.02175805047867707,-0.025266281899777088,-0.025294988327049794,0.08143879819714783,0.06344275587803683,0.08128908128908052,0.07963634929778962,0.0818286028118107
2025-05-20,0.04596694736822064,0.046656013101746316,11700.0,11741.92,204309453374.0,7088.11,0.040925266903914626,0.04596318882873063,0.04604257303589665,0.13114923851582794,0.1130587550292399,0.12554112554112473,0.12925987868692523,0.1316387752690955
2025-05-21,0.004024234381560051,0.004518716872259365,11780.0,11789.06,220455331252.0,7116.68,0.006837606837606813,0.004014675623748021,0.0040306936545850824,0.1357012481721387,0.1180883524054066,0.1332371332371325,0.1337934907947662,0.1362000644998551
2025-05-22,0.0009882228550240515,0.00039184273424404696,11830.0,11800.6,213590947257.0,7123.69,0.004244482173174857,0.0009788736336908688,0.000985009864149955,0.13682357410206158,0.11852646720253945,0.1380471380471373,0.1349033313489556,0.1373192327710353
2025-05-23,0.007947427404715136,0.00819272879034392,11865.0,11894.02,215281718843.0,7180.4,0.002958579881656709,0.007916546616273834,0.007960761908505365,0.14585839692920644,0.12769025119315125,0.14141414141414055,0.14388784647654407,0.14637316039708947
2025-05-26,0.012477244064601324,0.012721672537945322,11990.0,12042.32,217966025795.0,7270.14,0.010535187526337975,0.012468450532284292,0.012497910979889726,0.1601555518111648,0.14203635729306385,0.1534391534391526,0.15815035550481804,0.16070043010546708
2025-05-27,-0.0031718320883240793,-0.00210666484826683,11985.0,12003.99,217272212132.0,7247.05,-0.0004170141784820558,-0.0031829414930013566,-0.003176004863730264,0.15647573320448283,0.13963046944371182,0.15295815295815207,0.1544640306831475,0.15701403989411822
2025-05-28,-0.01936992567875644,-0.019938741586857666,11765.0,11771.41,213062552213.0,7106.52,-0.018356278681685434,-0.019375224404552194,-0.01939133854464914,0.1340748842030266,0.11690767200896435,0.1317941317941309,0.13209603102167766,0.13457798894561912
2025-05-29,0.027437533994765166,0.02866442149221997,12070.0,12094.29,206812289804.0,7301.8,0.02592435189120268,0.027429169487767524,0.02747899112364416,0.1651911023909567,0.14892318428732354,0.16113516113516013,0.16314848493300027,0.1657550474329379
2025-05-30,-0.009235125183693536,-0.009237839656056644,11960.0,11982.23,196508581822.0,7234.28,-0.009113504556752305,-0.00926552943579173,-0.00924703497767676,0.1544304166974504,0.13830961613375115,0.15055315055314944,0.15237129840765706,0.1549752697339224
2025-06-02,0.0032621665669347035,0.003090502998050513,12000.0,12021.07,192337117974.0,7257.91,0.0033444816053511683,0.003241466738662213,0.0032663927854603703,0.15819636100665346,0.1418275654151222,0.1544011544011532,0.1561066716420345,0.15874787262236634
2025-06-04,0.034055283739624964,0.03372436641934349,12420.0,12430.31,196398928900.0,7505.4,0.03499999999999992,0.03404355851850127,0.034099348159456255,0.19763906670693632,0.18033497661888864,0.19480519480519343,0.19546465677170977,0.19826041975994557
2025-06-05,0.014118116676490784,0.014210813866782539,12615.0,12605.3,199163769753.0,7611.5,0.01570048309178751,0.01407768591451064,0.01413648839502235,0.2145474747870284,0.1971084972720727,0.21356421356421218,0.21229403273164027,0.21519961427809675
2025-06-09,0.029267991117272303,0.027856566086826573,12970.0,12974.16,204991657629.0,7834.57,0.028141101862861673,0.02926229443170736,0.02930696971687574,0.25009483949060085,0.23045582923943386,0.24771524771524622,0.24776853765523543,0.2508134325737039
2025-06-10,0.02172891465489927,0.022003727573615843,13280.0,13255.88,202814973894.0,8004.95,0.02390131071703938,0.021713929842086088,0.021747205015718807,0.2772580435684222,0.2575304440973858,0.2775372775372762,0.2748624961410435,0.27801512872829925
2025-06-11,-0.0003534110341450533,-0.0012162470136631116,13235.0,13251.05,202741110223.0,8002.12,-0.0033885542168674565,-0.00036436660561200984,-0.00035353125253745343,0.27680664648237463,0.25600097645016184,0.2732082732082719,0.2743979788207025,0.2775633104390782
2025-06-12,0.002452021758557627,0.002471944865437313,13255.0,13283.47,193938607399.0,8021.79,0.001511144692104338,0.0024465985714339222,0.002458098603870029,0.2799374041610203,0.2591057416148821,0.275132275132274,0.2775159190951235,0.2807036870288242
2025-06-13,-0.012258909046970476,-0.011073913181006577,13110.0,13120.8,192875687085.0,7923.35,-0.010939268200679031,-0.01224604715484734,-0.012271575296785353,0.26424676793759483,0.24516251394653188,0.2611832611832601,0.2618713989088164,0.26498743530057944
2025-06-16,0.07656252348442505,0.07835287604499869,14100.0,14104.61,210158670441.0,8519.18,0.07551487414187652,0.0749809462837634,0.07519925284128548,0.36104069079792556,0.34272457805766354,0.3564213564213554,0.3564877104874158,0.3601135452887969
2025-06-17,-0.0049220884507633084,-0.005015716454401301,14025.0,14035.06,209122393555.0,8477.11,-0.005319148936170248,-0.0049310119173803235,-0.004938268706612625,0.35434152813273,0.3359898522977707,0.3492063492063482,0.3497988534212224,0.3533969391306573
2025-06-18,0.010091886462695201,0.011079681394813247,14175.0,14176.48,211229503808.0,8562.82,0.010695187165775444,0.010076194900484836,0.0101107570858463,0.3680093890663585,0.3507921942079337,0.36363636363636265,0.36339968974474557,0.3670808068229352
2025-06-19,0.01858304009766462,0.020057501256571922,14440.0,14439.75,219484211340.0,8722.32,0.01869488536155206,0.018570900533841916,0.01862704109160296,0.3934311623973603,0.377885710340627,0.3891293891293881,0.38871924977086625,0.3925454771871677
2025-06-20,-0.008014568030970386,-0.008451295225633714,14315.0,14323.6,217718674095.0,8652.25,-0.00865650969529086,-0.00804376807077678,-0.008033413128617162,0.3822634135498526,0.36624079141535626,0.37710437710437605,0.37754871421028624,0.38135858406853584
2025-06-23,0.008449347383570251,0.009315072475056028,14435.0,14444.41,219554969195.0,8725.5,0.008382815228781038,0.008434332151135093,0.008466005952209033,0.3939426373065349,0.37896742340576806,0.3886483886483876,0.3891674176203048,0.3930531740633951
2025-06-24,0.03732521364755833,0.036536337771322876,14980.0,14983.44,235239959570.0,9052.07,0.037755455490128265,0.03731755052646668,0.03742708154260499,0.4459718440564422,0.42934984296297185,0.44107744107744007,0.4410077429170718,0.44519108880225056
2025-06-25,-0.0022918243823366446,-0.0014490389100479829,14940.0,14948.99,234699128204.0,9031.24,-0.002670226969292422,-0.0022992049889745125,-0.0023011311224946374,0.44265793052806135,0.42727865942444754,0.4372294372294361,0.43769457072540585,0.4418655146098558
2025-06-26,-0.015930306315396305,-0.01603129669077621,14710.0,14710.33,232423188742.0,8887.01,-0.0153949129852744,-0.01596495816774246,-0.015970121489407796,0.4196759477864136,0.404397531774801,0.4151034151034141,0.41474183704578427,0.4188387471701489
2025-06-27,0.008737640003873818,0.008938659387926486,14840.0,14847.85,240535162727.0,8969.81,0.008837525492862097,0.009348532629791517,0.009316969374401518,0.43208056514032966,0.41695096295658085,0.42760942760942666,0.42796759727213796,0.4320580243247474
2025-06-30,0.04675616644853274,0.04762935412925508,15575.0,15542.06,257998148011.0,9391.46,0.04952830188679247,0.04675491737861037,0.047007684666676264,0.49903916241173985,0.484439422155029,0.4983164983164974,0.4947321043019295,0.4993757563565886
2025-07-01,0.012547756695319283,0.012865441565023892,15765.0,15736.94,265954266183.0,9509.91,0.012199036918137951,0.012538878372622575,0.012612522440600404,0.5178487410984378,0.5035373907975822,0.5165945165945156,0.5134743683574257,0.5182866667305284
2025-07-02,-0.03172510448195356,-0.03132839091884854,15245.0,15237.48,262084618076.0,9206.5,-0.032984459245163356,-0.031738063435458264,-0.03190461318771676,0.46969483119928834,0.45643398365756993,0.4665704665704655,0.4654396228465576,0.4698463179204231
2025-07-03,-0.03870539745961553,-0.038937037706028965,14625.0,14647.57,276839049165.0,8848.25,-0.04066907182682844,-0.038714406844176374,-0.038912724705371216,0.4128097086133773,0.39972475871955315,0.406926406926406,0.40870599708209965,0.41265059279198213
2025-07-04,-0.03978490135266998,-0.03996128419509777,14060.0,14064.42,277069138583.0,8494.26,-0.03863247863247865,-0.03981206439020257,-0.04000678100189303,0.35660121372609965,0.34378995984144645,0.35257335257335165,0.3526225032194026,0.356134989893959
2025-07-07,0.011786015010384298,0.011959597018080064,14245.0,14230.11,304524289513.0,8594.97,0.013157894736842035,0.011780791529263146,0.011856241744425011,0.372590135994181,0.3598611462380923,0.37037037037036935,0.36855746694762037,0.3722136541722152
2025-07-08,0.03762863017337906,0.03857566629081078,14760.0,14765.45,320410250998.0,8920.19,0.03615303615303622,0.037620229218185974,0.037838410139884315,0.424238822601134,0.41231869601721227,0.4199134199134189,0.42004291255244985,0.42413603721833293
2025-07-09,0.008716128106649984,0.008156800955845808,14900.0,14894.0,327667905287.0,8998.4,0.009485094850948617,0.008706134929853171,0.008767750462714163,0.43665267063338975,0.4238386985068443,0.43338143338143253,0.4324059977553132,0.4366225066176219
2025-07-10,0.012145841948344891,0.012806226253812746,15050.0,15074.76,339182084508.0,9108.25,0.010067114093959662,0.012136430777494267,0.012207725817923176,0.45410202690557044,0.44207269902885704,0.4478114478114468,0.44979029399233816,0.45416040028226745
2025-07-11,-0.022347497133440964,-0.022174440986004768,14730.0,14737.43,343382154329.0,8903.57,-0.02126245847176078,-0.02237713900586147,-0.022471934784398795,0.42160648602756745,0.41009554306671303,0.41702741702741597,0.4173481350543229,0.4214826026010692
2025-07-14,0.007843107033103182,0.008818559251591048,14835.0,14852.89,352013377491.0,8973.75,0.007128309572301372,0.007834473174766599,0.007882231509383386,0.4327562978564352,0.42253055416365126,0.4271284271284259,0.4284523109977114,0.4326870575613315
2025-07-15,0.0365027307710625,0.03677376613371612,15400.0,15394.77,371013985098.0,9302.99,0.03808560835861141,0.03648313560525929,0.03668923248363276,0.48505581525763297,0.47484236008053116,0.4814814814814803,0.480566730365487,0.48525124609249093
2025-07-16,0.007760669857289675,0.008272436367653516,15510.0,15514.09,372338275322.0,9375.52,0.0071428571428571175,0.007750684160919619,0.007796418140834316,0.4965808431594956,0.4870428996566174,0.49206349206349076,0.49204213547171527,0.49683088585122315
2025-07-17,-0.008960808072013118,-0.009251299452165422,15390.0,15374.95,368998753932.0,9291.08,-0.007736943907156624,-0.008968621427360546,-0.009006433776473255,0.48317026945969177,0.4732858204936776,0.48051948051947924,0.47866057440499876,0.4833497776032243
2025-07-18,0.010844212234944374,0.011140350714820436,15525.0,15538.01,376019897075.0,9392.38,0.00877192982456143,0.01060556294492021,0.01090293055274505,0.4992540826422722,0.4896987412371492,0.49350649350649234,0.4943426022010229,0.49952263721386214
2025-07-21,-0.0006485950544170948,-0.0007874828841092109,15520.0,15527.86,394407643392.0,9386.28,-0.00032206119162636604,-0.0006532368044556147,-0.0006494626495093803,0.49828167385895594,0.48852562897594587,0.4930254930254918,0.4933664426147992,0.4985487532688979
2025-07-22,-0.0251010611911549,-0.025429281985490108,15130.0,15136.79,384474474812.0,9149.44,-0.025128865979381465,-0.025185054476276836,-0.025232573500897026,0.46067321388183635,0.4506734910140875,0.4555074555074543,0.45575592740450177,0.46073651170736274
2025-07-23,0.0177004385438697,0.01872654400867535,15390.0,15412.65,400728801552.0,9312.18,0.017184401850627973,0.01822447163500307,0.01778688094571912,0.4865277703368285,0.47783959198578163,0.48051948051947946,0.48228631001097266,0.4867184581341666
2025-07-24,0.023621557830596388,0.02490806191878448,15765.0,15776.12,424377736177.0,9533.28,0.024366471734892814,0.023582576649700204,0.02374309774939931,0.5216418720306275,0.5146497120489946,0.5165945165945156,0.5172424405336078,0.5220177598114824
2025-07-25,-0.003511107139138103,-0.0033499267901572006,15680.0,15723.84,422971204213.0,9499.65,-0.005391690453536269,-0.0033138693164098676,-0.0035276421126833046,0.5162992243905293,0.5095757464008976,0.5084175084175075,0.5122144973643687,0.5166486258657195
2025-07-28,0.044185942900574135,0.04690341522169959,16400.0,16418.3,438368687470.0,9921.35,0.04591836734693877,0.04416605612878266,0.04439110914612643,0.5832983353396342,0.5803800044429461,0.5776815776815767,0.5790030477337222,0.5839743405528472
2025-07-29,0.01681390110498824,0.016920566753307047,16685.0,16694.26,442397921820.0,10089.07,0.017378048780487765,0.016808073917518707,0.016904957490663897,0.6099197569697272,0.6071209298037146,0.605098605098604,0.605543047676018,0.6107513594461955
2025-07-30,-0.02071176548776243,-0.020941926625437743,16325.0,16348.35,426691975010.0,9879.14,-0.021576266107282027,-0.020720295478805162,-0.02080766611788798,0.5765754765092548,0.57346472121356,0.5704665704665695,0.5722757213242295,0.5772353829599048
2025-07-31,0.011604031475178028,0.011574570004004213,16545.0,16537.85,434945405471.0,9994.38,0.013476263399693655,0.01159138383995928,0.011664982984348926,0.5948701079616618,0.5916768987780772,0.5916305916305904,0.5905005727123476,0.5956338068644451
2025-08-01,-0.04332295964264288,-0.043163408667733605,15800.0,15822.4,409800263224.0,9559.23,-0.045028709579933546,-0.04326136710636508,-0.04353946918168006,0.5257756146391812,0.5229746983291281,0.5199615199615186,0.5216933435533548,0.5261607579052239
2025-08-04,0.025824684847268974,0.0254259797379538,16250.0,16230.82,426870565804.0,9807.4,0.028481012658227778,0.025812771766609455,0.025961296045811322,0.5651782890348862,0.5616978221502611,0.5632515632515618,0.5609724665292664,0.5657818691547012
2025-08-05,0.051182864070624015,0.051910063648648,17035.0,17061.39,447008333578.0,10311.91,0.048307692307692385,0.05117239917638172,0.05144176846055015,0.6452885966488506,0.6427656554980361,0.6387686387686373,0.6408511726898432,0.6463284575274848
2025-08-06,0.0016866955692149427,0.001220014945105086,17060.0,17089.98,442630383971.0,10329.4,0.0014675667742882759,0.0016757134090481518,0.0016960970373092188,0.6480636976348981,0.6447698541490492,0.6411736411736397,0.6436007690021719,0.6491207903467351
2025-08-07,-0.014996637216323555,-0.01639177799420946,16845.0,16835.69,430993554902.0,10173.77,-0.012602579132473646,-0.014879479086575942,-0.015066702809456434,0.6233482842520748,0.6178091518482698,0.6204906204906191,0.6191448457331239,0.624273977501685
2025-08-08,-0.021006443406262502,-0.02135641318292985,16475.0,16481.64,423578152546.0,9959.02,-0.0219649747699614,-0.021029729105251915,-0.021108202760628525,0.5892475103902803,0.583258551150273,0.5848965848965835,0.5850946682451914,0.589988473045767
2025-08-11,0.007181939603519777,0.0076861824100795135,16620.0,16599.66,443210869264.0,10030.89,0.008801213960546228,0.007160695173538567,0.007216573518277869,0.6006613900249476,0.5954277651767323,0.5988455988455974,0.5964450479856964,0.601462741754716
2025-08-12,-0.01844873757664657,-0.01836791391749208,16275.0,16293.16,438286026279.0,9844.84,-0.020758122743682272,-0.018464233604784663,-0.018547706135746633,0.5711312080913069,0.5661230853243895,0.5656565656565644,0.5669679136824868,0.5717592814333026
2025-08-13,0.007894578049218172,0.008304674960459134,16415.0,16421.66,443384915321.0,9922.96,0.008602150537634357,0.007886745112672955,0.007935121342754092,0.5835346260391461,0.5791292284960801,0.5791245791245778,0.5793261902174374,0.5842313820530758
2025-08-14,-0.005887783111955454,-0.006634816566351136,16265.0,16324.35,434227590507.0,9864.25,-0.009137983551629647,-0.005925710311868615,-0.005916581342663818,0.574211117610756,0.568651995730445,0.5646945646945634,0.5699675607262618,0.5748581482155581
2025-08-18,-0.041736974961318375,-0.041255941678136954,15620.0,15642.63,409836959191.0,9450.41,-0.03965570242852756,-0.04176092769390516,-0.0419535190207061,0.5085083076112069,0.5039357804812967,0.5026455026455012,0.5044042589409956,0.5087873069394828
2025-08-19,-0.01749603988053313,-0.0167820311419292,15330.0,15368.37,407261917266.0,9284.16,-0.018565941101152394,-0.017532857326421403,-0.017591829349202892,0.4821153861011256,0.4786966833777979,0.47474747474747336,0.47802775370772244,0.4822449781115601
2025-08-20,-0.038275839427004875,-0.03802045882414687,14790.0,14779.74,394619002147.0,8926.93,-0.03522504892367906,-0.038301394357371676,-0.03847736359562948,0.4253861755704256,0.42247595701402996,0.4227994227994214,0.42141722984182284,0.4252120991509658
2025-08-21,0.013639913703128226,0.012776020245527889,15015.0,14981.18,402993635454.0,9049.37,0.015212981744421983,0.013629468448024262,0.013715801512950154,0.4448283199988381,0.44064953863961787,0.4444444444444431,0.44079039112743,0.4447600254167754
2025-08-22,0.053161930704544266,0.054188527357794045,15790.0,15777.05,427558107260.0,9533.06,0.05161505161505153,0.053124653732215865,0.053450129677535374,0.5216381830265795,0.5187162155771841,0.5189995189995174,0.5173318817567787,0.5219826361282214
2025-08-25,0.02305387882851622,0.024103423621093453,16115.0,16140.7,440641136063.0,9753.96,0.020582647245091845,0.02304930262628324,0.02317199304315709,0.5567178453189179,0.555322475881465,0.5502645502645487,0.5523053234838986,0.5572500071843904
2025-08-26,0.00022789835550871755,0.0004965522834285852,16130.0,16144.25,434280459310.0,9756.18,0.0009308098045299751,0.00021994089475674272,0.0002275998671310564,0.557072618755857,0.5560947748083318,0.5517075517075503,0.5526467389056813,0.5576044370791153
2025-08-27,-0.003790695870502442,-0.004191312577022057,16050.0,16082.85,434237054598.0,9719.02,-0.004959702417854928,-0.0038032116697895857,-0.003808867815066952,0.5511702300098669,0.5495726952076392,0.5440115440115425,0.5467416947092145,0.5516717276701193
2025-08-28,-0.002873389400832212,-0.002650399589483671,16040.0,16036.28,432979442622.0,9690.96,-0.0006230529595016021,-0.002895631060415238,-0.0028871223641890875,0.54671311391207,0.5454657083723857,0.5430495430495414,0.5422629014155753,0.5471918615232829
2025-08-29,0.0031266787709289283,0.0034783383207162466,16060.0,16085.81,435925326511.0,9721.42,0.0012468827930174342,0.00308862155063383,0.00314313545820033,0.5515491889700563,0.5508413609691702,0.5449735449735433,0.5470263678496305,0.5520548951238757
2025-09-01,-0.021546265174840932,-0.021892768821808187,15755.0,15739.22,426532913382.0,9510.88,-0.018991282689912792,-0.021546319395790436,-0.0216573298962498,0.5181190987126982,0.5168891495741736,0.5156325156325141,0.5136936436142328,0.5184415302430885
2025-09-02,0.0033275133130149562,0.0037784740639503394,15770.0,15791.28,426364514571.0,9542.66,0.0009520787051728874,0.003307660735411444,0.003341436333966996,0.5231706602244071,0.5226206758837275,0.5170755170755155,0.5187004286446575,0.5235153059432471
2025-09-03,0.02247700391417199,0.02233899613595928,16135.0,16145.96,431097244605.0,9758.25,0.023145212428661965,0.022460497185788464,0.022592233192841427,0.557406973116223,0.5566344932788259,0.5521885521885506,0.5528111953482866,0.5579349190079801
2025-09-04,-0.015911143763764575,-0.016708287633250878,15875.0,15888.97,424235550609.0,9602.25,-0.016114037806011727,-0.015916675131116387,-0.015986472984397815,0.5326268468682813,0.5306257964252836,0.5271765271765256,0.5280956040119673,0.5330290345138091
2025-09-05,0.020306553918005982,0.02115040526780949,16175.0,16211.33,431221325488.0,9798.27,0.018897637795275646,0.020288288038809332,0.020413965476841378,0.5637492165703957,0.5629991523330422,0.5560365560365546,0.5590980477770005,0.5643242362993695
2025-09-08,-0.016715110204175963,-0.017368698082767104,15935.0,15940.13,428789483546.0,9633.69,-0.014837712519319979,-0.016729040738792,-0.016796842707947457,0.5376109760837278,0.5358518919525488,0.5329485329485315,0.5330158330199679,0.538048528158019
2025-09-09,0.020939330253732687,0.02199329761021112,16225.0,16273.78,436137172481.0,9836.36,0.018198933165986864,0.020931447861466612,0.021037629402648417,0.5698075201137092,0.5696303396974669,0.5608465608465594,0.5651040739996283,0.5704054230966962
2025-09-10,0.06993201247299513,0.071762352254687,17360.0,17411.72,470116413430.0,10527.53,0.06995377503852085,0.06992475011951749,0.07026684667905614,0.6795873191905026,0.6822707050444807,0.6700336700336684,0.6745435852850912,0.68075286018539
2025-09-11,0.01748855917118706,0.017036919840675152,17665.0,17716.27,473024430382.0,10712.5,0.01756912442396308,0.017491092206858294,0.017570123286278827,0.7089608814053412,0.7109314161966398,0.6993746993746977,0.7038331815397159,0.7102838951526131
2025-09-12,0.01229614021309797,0.013242421365332786,17890.0,17933.51,444751021085.0,10844.77,0.012737050665157179,0.012262174825739214,0.012347257876312856,0.7299745040218006,0.7335882909371014,0.7210197210197193,0.7247258818856512,0.7314012114477673
2025-09-15,-0.0020505808569060016,-0.002222985755702458,17895.0,17896.94,443844182767.0,10822.48,0.00027948574622693734,-0.0020391992420892846,-0.002055368624692022,0.7264270514209181,0.7297345488600957,0.7215007215007199,0.7212088221744983,0.7278425437210037
2025-09-16,-0.00895006345523899,-0.009232989958132862,17720.0,17736.51,439865393327.0,10725.23,-0.009779267951941839,-0.008964102243176786,-0.008985925591916133,0.7109754197598599,0.713763927140235,0.7046657046657032,0.7057797303106683,0.7123162791885795
2025-09-17,-0.012220837376005262,-0.011796856350515507,17520.0,17519.26,434477723071.0,10593.56,-0.011286681715575675,-0.012248745666424754,-0.012276659801235046,0.6900658674006324,0.6935469002730663,0.6854256854256839,0.6848860682311504,0.6912947547568646
2025-09-18,0.0044402872630992345,0.004346007139866683,17595.0,17597.13,448726904413.0,10640.8,0.0042808219178083196,0.004444822441130647,0.004459313016587307,0.6975702453454502,0.7009070671933522,0.6926406926406914,0.6923750876379726,0.6988367674716378
2025-09-19,-0.0038965613314389837,-0.003234727168418274,17490.0,17527.98,446963585408.0,10599.1,-0.0059676044330775335,-0.003929618068400975,-0.003918878279828508,0.6909555587700358,0.695405096892147,0.6825396825396814,0.6857246999150788,0.6921792329626191
2025-09-22,-0.001959149093182167,-0.002158525773833084,17470.0,17493.69,447838453300.0,10578.3,-0.0011435105774728616,-0.0019563007260392506,-0.001962430772424195,0.6876427247204602,0.6917455212934174,0.6806156806156796,0.6824269154607325,0.6888584483633962
2025-09-23,-0.0010923187841484373,-0.001175861452009059,17435.0,17474.23,447340397002.0,10566.69,-0.002003434459072695,-0.0011124011000537282,-0.001097529848841372,0.6857992808713167,0.6897562629483194,0.6772486772486761,0.680555381909214,0.6870048758058493
2025-09-24,-0.025095137109373278,-0.025237681160579152,17065.0,17035.41,439513471257.0,10300.35,-0.021221680527674258,-0.02511240838652118,-0.025205622574335007,0.6434939167789682,0.6471107331449379,0.6416546416546405,0.6383525888425439,0.6444828676252241
2025-09-25,-0.014051199647286178,-0.0141534707446896,16790.0,16795.58,438364702161.0,10155.0,-0.01611485496630527,-0.014078322740691207,-0.014111170979626886,0.6204008556352065,0.6237983995701069,0.6151996151996142,0.6152873323337715,0.6212772887070974
2025-09-26,-0.023376788408987638,-0.022839098446402674,16380.0,16402.31,428100379568.0,9916.56,-0.024419297200714674,-0.02341508896983613,-0.023480059084195037,0.5825210876952798,0.5867123080652141,0.5757575757575748,0.5774652357353269,0.5832096021763913
2025-09-29,0.004824299224340904,0.004900658298652256,16480.0,16481.38,441700957675.0,9964.6,0.006105006105006083,0.004820662455471192,0.00484442185596623,0.590155642951151,0.5944882429053076,0.5853775853775844,0.5850696631720473,0.5908793373757502
2025-09-30,0.014927641204359503,0.014558885223236171,16740.0,16727.26,448290624968.0,10114.05,0.01577669902912615,0.014918653656429193,0.01499809325010526,0.6138929158482134,0.6177022142235653,0.6103896103896094,0.608716768498224,0.6147394940273774
2025-10-01,0.013517429308096896,0.014201867223188752,16960.0,16953.25,459433033951.0,10251.33,0.0131421744324971,0.013510282018692976,0.013573197680454507,0.6357085992490299,0.6406766062766267,0.6315536315536308,0.6304509857288354,0.636656672382248
2025-10-02,0.025277025083637324,0.025538076604542437,17395.0,17381.12,476242810328.0,10511.67,0.025648584905660465,0.025238228658221784,0.02539572913953614,0.6770544465417689,0.6825763311309998,0.6734006734006728,0.6716006805226828,0.6782207619284821
2025-10-10,0.04492478608602032,0.04594716909411279,18145.0,18161.63,497628705236.0,10985.87,0.043115837884449615,0.044905621732086454,0.045111766255980346,0.752395758807267,0.7598859503312279,0.7455507455507451,0.7466649483693328,0.7539282646665331
2025-10-13,-0.005167616169410701,-0.00590055343358446,18050.0,18067.55,493244105004.0,10928.98,-0.005235602094240788,-0.005180151781530751,-0.0051784701621265805,0.7433400501488476,0.7495016492442839,0.736411736411736,0.7376169588253001,0.7448455994814469
2025-10-14,-0.004630270541744539,-0.0038567844245226165,18000.0,17983.33,490944862759.0,10878.12,-0.0027700831024930483,-0.004661395706667348,-0.0046536822283506085,0.7352679140703999,0.7427541985328019,0.7316017316017311,0.7295172385935995,0.7367256425239244
2025-10-15,0.0629737549230911,0.064708956991489,19090.0,19116.09,521869198424.0,11565.91,0.060555555555555474,0.06298944633724668,0.06322691788654655,0.8445442504169729,0.8555260050123978,0.8364598364598359,0.8384585718833342,0.8465334521152443
2025-10-16,0.010857319110542336,0.011103384719463507,19285.0,19323.35,527527436370.0,11692.1,0.010214772132006278,0.01084217536117471,0.010910512013321938,0.8645710559572661,0.8761286241030197,0.8552188552188547,0.8583914621139481,0.8666800775275485
2025-10-17,-0.016640756811931917,-0.016741517214600807,19050.0,19000.93,516825428075.0,11496.74,-0.012185636505055775,-0.01668551260521589,-0.016708717852225052,0.8335431824565143,0.8447193844457936,0.8326118326118319,0.8273832479474204,0.8354902467917711
2025-10-20,0.03986577825520168,0.040702314007823884,19765.0,19758.25,537424300033.0,11956.73,0.037532808398950124,0.03985699647333041,0.04001047253395318,0.9066388083896624,0.9198037320878261,0.9013949013949007,0.9002172556162837,0.9089290788973723
2025-10-21,-0.006959285302257467,-0.007026300612006448,19635.0,19620.32,535634849990.0,11873.12,-0.006577283076144691,-0.0069808814039704625,-0.006992714563262559,0.8933699649537226,0.906314613950125,0.8888888888888882,0.8869520643130482,0.8955804827271312
2025-10-22,0.01575542912816247,0.01582750844316902,19915.0,19929.33,554035390346.0,12060.84,0.01426024955436711,0.015749488285614177,0.015810503052272606,0.9232008212499425,0.9364868245977569,0.915824915824915,0.916670593745462,0.9255505637351169
2025-10-23,0.07523076296419515,0.07558987359769628,21400.0,21428.61,606429779165.0,12971.42,0.07456690936480048,0.07522982458517169,0.07549888730801513,1.0678846863659421,1.0828656188927055,1.058682058682058,1.0608613863004899,1.0709274887524396
2025-10-24,0.03342334265200402,0.03414426851901356,22160.0,22144.64,620049786733.0,13406.59,0.03551401869158877,0.033414673186921595,0.03354837018614765,1.1370003048031831,1.1539835418731994,1.131794131794131,1.129724396007267,1.1404037307737758
2025-10-27,0.0181902615008884,0.018346201676412474,22550.0,22547.05,647100426522.0,13651.38,0.017599277978339378,0.018171891708332222,0.018258930869072598,1.1758728991750313,1.1935009583400782,1.1693121693121684,1.1684255171001041,1.1794852145258794
2025-10-28,0.02066787792862889,0.020251181042605444,23045.0,23014.16,665109186175.0,13934.61,0.02195121951219514,0.020717122639103636,0.02074735301486008,1.2208435746433928,1.2379219433645514,1.2169312169312159,1.2133490544716286,1.224703763662316
2025-10-29,0.039166615564705486,0.0381209242927657,23955.0,23914.95,705490946139.0,14481.91,0.03948795834237351,0.039140685560541844,0.039276305544252654,1.3078265011607968,1.3232335963406703,1.3044733044733032,1.299981053848425,1.312081908429366
2025-10-30,0.03612384911914799,0.0357679318694463,24785.0,24778.71,738405661901.0,15006.57,0.03464829889375909,0.036117993138183424,0.03622864663569936,1.3911940774819005,1.4063308573313922,1.384319384319383,1.3830517537692746,1.395845506882647
2025-10-31,0.0059809703211831985,0.0042267497644447195,24980.0,24926.08,765230648240.0,15096.35,0.007867661892273503,0.005947444398840984,0.0059827129050809,1.405495738291509,1.4165018157157938,1.4030784030784016,1.3972248215743779,1.410179162715254
2025-11-03,0.08495642010451306,0.08507826461429155,27110.0,27043.92,857292204077.0,16382.54,0.08526821457165723,0.08496482399157812,0.08519874009280382,1.6098580447934179,1.622093596634178,1.6079846079846063,1.600904606607687,1.6155233907765223
2025-11-04,-0.0067610876969439555,-0.0071233687803480385,26935.0,26860.67,891774311027.0,16271.48,-0.006455182589450437,-0.006776014719759527,-0.006779168553838533,1.592212565675995,1.6034154569687638,1.5911495911495894,1.5832808387086232,1.597792316853941
2025-11-05,-0.04805715748339896,-0.04692500831927355,25560.0,25569.12,897476236481.0,15487.3,-0.051048821236309605,-0.04808331288832335,-0.048193526341795634,1.467638198176858,1.481250164991979,1.4588744588744573,1.459068137862586,1.472595544401126
2025-11-06,0.005302698456267842,0.005600262794501777,25765.0,25704.07,938198687495.0,15569.6,0.008020344287949843,0.005277850782506421,0.005314031496774785,1.4807233394409582,1.495145817974835,1.478595478595477,1.472046732558241,1.4857349950028587
2025-11-07,-0.0409149237038909,-0.04104308415347506,24665.0,24651.93,912121227590.0,14930.77,-0.04269357655734518,-0.04093281725423248,-0.04103059808858289,1.3792247332772698,1.3927373381925023,1.3727753727753713,1.370858895410512,1.3837438014681709
2025-11-10,0.04267958030822239,0.0430466887387901,25775.0,25703.15,992141706131.0,15569.83,0.04500304074599626,0.04264250304134398,0.04280154338992559,1.4807690463524863,1.495736757623356,1.479557479557478,1.4719582530686521,1.4857717152171768
2025-11-11,0.01349516564708013,0.0138008642228257,26100.0,26048.84,1002880451289.0,15780.48,0.012609117361784605,0.013449324304608545,0.013529370584007605,1.5142474355651618,1.5301800817512312,1.5108225108225088,1.505204421281626,1.5194026419395943
2025-11-12,-0.01517901021411983,-0.015950084045634486,25700.0,25651.77,997853789583.0,15540.4,-0.01532567049808431,-0.015243289144545424,-0.015213732408646652,1.4760836480598938,1.4898234967967086,1.4723424723424703,1.4670168659218366,1.481073124315488
2025-11-13,0.008135865006029804,0.00857426969951999,25960.0,25861.83,1047404146547.0,15667.11,0.010116731517509692,0.008188908601628686,0.008153586780263122,1.4962287303641468,1.5111719149624454,1.497354497354495,1.487219041555547,1.501302769342773
2025-11-14,-0.056651603777805315,-0.05644036471265898,24415.0,24396.89,1002712370967.0,14777.32,-0.059514637904468426,-0.056644870065266195,-0.056793499247787316,1.354813369392783,1.3694404562257785,1.3487253487253463,1.3463308421227773,1.3592450323936158
2025-11-17,0.01977915592883297,0.019940553396480598,24920.0,24878.34,1029963188400.0,15070.42,0.020684005734179722,0.019734072662540125,0.019834449006991717,1.4013895902093036,1.41668841016293,1.3973063973063948,1.3926335054515873,1.4060393576836256
2025-11-18,-0.03837635429517296,-0.03812388549486789,23920.0,23924.28,1009604772633.0,14490.45,-0.0401284109149278,-0.03834902167909926,-0.03848399712814898,1.3092330124946914,1.324554857937104,1.3011063011062984,1.3008783512808852,1.3134453459523154
2025-11-19,-0.010766607158290486,-0.011197504816405295,23685.0,23667.05,1005849618076.0,14334.05,-0.009824414715719043,-0.010751838717821371,-0.010793315597514286,1.2843704078122054,1.2985256437193553,1.2784992784992757,1.2761396783385863,1.2884756002158513
2025-11-20,0.03064508494165602,0.029374080841523955,24440.0,24391.89,1034216200603.0,14774.71,0.03187671522060387,0.030626546189744808,0.030742183821041547,1.3543751329978155,1.3660427217942837,1.3511303511303483,1.345849975331534,1.3588283377876555
2025-11-21,-0.07662653110670004,-0.07655460241357614,22540.0,22523.02,952723627603.0,13639.39,-0.07774140752864156,-0.07661849901750128,-0.07684211737489266,1.1739675336323172,1.1849112619337867,1.1683501683501656,1.1661144713013893,1.1775709737881535
2025-11-24,-0.007189579402924201,-0.007019927352868652,22300.0,22360.76,948096378750.0,13541.03,-0.010647737355811926,-0.00720418487396457,-0.007211466201934136,1.1583376214298884,1.169573343602547,1.1452621452621425,1.1505093821919643,1.1618674943083676
2025-11-25,0.015475634928132833,0.014941732703756191,22730.0,22706.27,980910832828.0,13751.22,0.01928251121076241,0.015451621501237023,0.015522452871014947,1.1917392665107918,1.2019905285838508,1.1866281866281838,1.1837382392004536,1.1954249806021484
2025-11-26,0.01746208633452402,0.016849656172310788,23110.0,23102.9,1000355657558.0,13992.09,0.01671799384073913,0.017467862401002066,0.017516264011484095,1.2300116068053697,1.2390933118851737,1.2231842231842203,1.2218834782826136,1.233880624179783
2025-11-27,0.019514567277385063,0.01963163208585383,23535.0,23552.93,1022197239572.0,14265.91,0.018390307226308966,0.019479372719442,0.019569628268543138,1.2735293183357226,1.2830503679899996,1.2640692640692612,1.2651643746952508,1.2775968375912825
2025-11-28,-0.025345151619940623,-0.02617401761795799,22985.0,22955.84,1007761330571.0,13903.45,-0.023369449755683003,-0.025350986055662772,-0.025407422309547623,1.2159063730501232,1.223293767435544,1.2111592111592087,1.2077402242185675,1.2197289728877108
2025-12-01,-0.04005777037341624,-0.04088185038984792,22010.0,22036.99,971831345791.0,13345.0,-0.04241896889275609,-0.04002685155498553,-0.040166289661918486,1.1271421043894918,1.1324014042625627,1.1173641173641151,1.1193713339918006,1.13057069599175
2025-12-02,0.044290867667430255,0.044302253790494225,22980.0,23012.34,1024049006615.0,13937.87,0.04407087687414801,0.04425967430216193,0.04442637692019491,1.2213550738448258,1.226871592457409,1.210678210678208,1.213174018959616,1.2252242327870015
2025-12-03,0.021852367871397826,0.022166610014229437,23500.0,23514.65,1044050352952.0,14243.32,0.022628372497824234,0.021827854099148558,0.021915113284884935,1.2698969420914787,1.2762337865991786,1.2607022607022578,1.261482858541493,1.2739902739328
2025-12-04,-0.009545416938630043,-0.010161401749195081,23275.0,23290.81,1031782951516.0,14107.01,-0.009574468085106425,-0.009519172090590389,-0.009570100229440826,1.248229829371494,1.253104060618453,1.239057239057236,1.2399554140311162,1.2522279590904897
2025-12-05,0.053164825793588485,0.05430650480292705,24475.0,24527.03,1086547559192.0,14858.81,0.05155746509129977,0.05307758725437184,0.053292653794106526,1.3677565765939783,1.375462267107923,1.3544973544973518,1.3588468429652552,1.3722551639797063
2025-12-08,-0.003457235387325056,-0.003186801675508411,24470.0,24441.65,1090097772520.0,14807.32,-0.00020429009193057013,-0.003481057429293166,-0.0034652842320481714,1.3595706847688063,1.3678921399749964,1.354016354016351,1.3506355616379864,1.3640346255655724
2025-12-09,-0.012830206059930821,-0.01304954892554484,24110.0,24128.86,1080972922036.0,14616.89,-0.014711892112791225,-0.012797417522957821,-0.012860531142705134,1.3292969066702507,1.3369922156439795,1.3193843193843162,1.3205534969113928,1.3336318846410533
2025-12-10,0.00025681154592983765,0.0001687357764794904,24125.0,24134.18,1095691848929.0,14620.64,0.0006221484861053117,0.0002204828574579043,0.0002565525224587084,1.329895097009782,1.3373865498401125,1.3208273208273176,1.3210651391772759,1.3342305837875479
2025-12-11,0.002566186254998524,0.0027800760773721875,24250.0,24195.44,1105731671064.0,14658.19,0.005181347150259086,0.002538308738892159,0.002568287024371063,1.3358740417833173,1.3438846622708946,1.3328523328523296,1.3269567191035874,1.3402255579077798
2025-12-12,0.027483543015675974,0.025271938044399218,24860.0,24901.59,1142983067484.0,15062.21,0.02515463917525773,0.029185251435807746,0.027562748197424103,1.4000721364898698,1.4031191702390227,1.391534391534388,1.3948695360308676,1.4047286056855683
2025-12-15,-0.03403832041770477,-0.035201955026937584,24125.0,24075.39,1105060310010.0,14562.44,-0.029565567176186636,-0.03317860425780039,-0.03318038986310767,1.3183777120824223,1.318524677283897,1.3208273208273176,1.3154111074458372,1.3249387730339537
2025-12-16,-0.0049369409281657456,-0.006396036896215126,23925.0,23955.26,1101942008863.0,14490.55,-0.00829015544041456,-0.00498974263760632,-0.00493667270045417,1.3069320182686952,1.3036953079032036,1.3015873015872983,1.3038578019194276,1.3134613112628895
2025-12-17,-0.01205946715940784,-0.009716450961032016,23710.0,23666.48,1088658116047.0,14315.92,-0.008986415882967558,-0.012054972477860804,-0.012051302400529984,1.2791116473553972,1.2813115654148026,1.2809042809042777,1.276084859524384,1.2855810894089337
2025-12-18,-0.035748690004099984,-0.036627982925444946,22840.0,22819.69,1051987552622.0,13804.18,-0.03669337832138342,-0.035780141364495255,-0.035746218196245794,1.1976363915893553,1.1977517243491689,1.197210197210194,1.1946462214930142,1.2038802090817087
2025-12-19,0.019068053973345697,0.018607318696555412,23195.0,23254.14,1072015762958.0,14067.35,0.015542907180385201,0.019038383080576482,0.019064515241035584,1.23954104091797,1.238645991100038,1.231361231361228,1.2364287369841378,1.2458961169171636
2025-12-22,0.008877074452643375,0.00869337446584489,23450.0,23460.17,1083859873803.0,14192.14,0.010993748652726953,0.008859927737598472,0.008870896082062263,1.2594216134779495,1.258107378997133,1.255892255892253,1.2562433339841057,1.265819227981443
2025-12-23,-0.01732336184218164,-0.017327257894835992,23040.0,23053.59,1067380997110.0,13946.36,-0.017484008528784623,-0.017330650204154474,-0.017318036603359288,1.2202808353136252,1.2189805700870173,1.2164502164502138,1.217141169987372,1.2265796876546653
2025-12-24,-0.004454331222207199,-0.004276922835429131,22940.0,22950.82,1064917960476.0,13884.21,-0.00434027777777779,-0.0044578740230913905,-0.0044563599390810005,1.2103909690668195,1.2094901614154385,1.2068302068302041,1.2072574339601587,1.2166572471334294
2025-12-26,-0.023099247925488627,-0.022098925010664648,22390.0,22419.71,1040274414614.0,13563.57,-0.023975588491717548,-0.023141221097982556,-0.023093859859509402,1.1593326000600839,1.1606628040265172,1.1539201539201511,1.156178801660721,1.165466075311564
2025-12-29,0.05218044196726555,0.05096350024096421,23545.0,23624.95,1096197827120.0,14271.17,0.0515855292541314,0.05375805485441165,0.05216915605552219,1.2720075294855437,1.2707777433601652,1.2650312650312623,1.2720907799563177,1.278436612927432
2025-12-30,-0.02843908311901057,-0.02840054532136696,22900.0,22953.22,1060438844976.0,13864.8,-0.02739435124230194,-0.028433076048838157,-0.02847489028580008,1.2073937185074866,1.2062864171451135,1.2029822029822004,1.2074882500199555,1.2135583803511736
2026-01-02,0.049648320448353885,0.05064254272573142,24040.0,24091.75,1110629804557.0,14554.02,0.049781659388646204,0.04960219089086415,0.049710057123074414,1.31698710919963,1.3180183712905857,1.3126503126503097,1.3169845035867849,1.3235944938836903
2026-01-05,0.04141214938298879,0.04120248163565257,25030.0,25088.13,1149036563933.0,15157.31,0.04118136439267883,0.04135772619257638,0.041451777584474936,1.4129385254842646,1.4135264806647916,1.4078884078884046,1.4128097142785698,1.4199116160406677
2026-01-06,-0.013879308419897606,-0.016559407683538672,24695.0,24740.19,1135574730652.0,14946.61,-0.013383939272872514,-0.01386871002342549,-0.013900883468108693,1.3794486074908154,1.373559911716447,1.3756613756613727,1.379347156009536,1.3862727066629636
2026-01-07,-0.019541243036039116,-0.018277121473307616,24210.0,24256.61,1115804070366.0,14654.26,-0.01963960315853408,-0.019546333314335862,-0.019559619204622347,1.3329512239600727,1.3301780688858322,1.3290043290043263,1.3328396434276564,1.3395981212022527
2026-01-08,0.005467895907846229,0.005746002712485914,24395.0,24389.08,1141409082916.0,14734.5,0.007641470466749345,0.005461191815344435,0.0054755409007345435,1.3457075584107687,1.3435672783902253,1.3468013468013442,1.3455797281948545,1.3524086864061773
2026-01-09,0.00020021132128776598,-0.0004522833781848085,24385.0,24393.28,1141605563249.0,14737.53,-0.0004099200655872659,0.00017220821777597095,0.00020563982490084953,1.3461771956203927,1.3425073218645514,1.3458393458393432,1.3459836562994982,1.3528924353165452
2026-01-12,0.0367871824302696,0.03800291415981786,25270.0,25290.33,1193703466502.0,15280.3,0.03629280295263482,0.03677447231368647,0.036829102298689076,1.4324864441294185,1.4315294265361147,1.4309764309764281,1.4322559673164452,1.43954735151463
2026-01-13,0.005054163699624564,0.004619366367323673,25370.0,25417.42,1204785596682.0,15357.62,0.003957261574990101,0.005025240872696957,0.00506011007637297,1.4447806288151663,1.4427615517902135,1.4405964405964378,1.444478639416265,1.4518917296498182
2026-01-14,0.04053310816868011,0.04195676317302152,26400.0,26447.79,1253625475618.0,15980.74,0.04059913283405603,0.04053794602284588,0.04057399518935867,1.5438751864916256,1.5452519197068382,1.5396825396825369,1.5435727825549215,1.5513747728934582
2026-01-15,-0.000495730561083433,4.524642850530294e-06,26425.0,26433.94,1263542556492.0,15973.06,0.0009469696969697239,-0.0005236732445320635,-0.00048057849636506944,1.5426141098180999,1.5452634360627395,1.5420875420875393,1.5422407815431773,1.5501486370414375
2026-01-16,0.012712931003997025,0.013540501079533722,26715.0,26769.34,1279574301912.0,16176.43,0.010974456007568634,0.012688233384807512,0.01273206261042037,1.5749381875660067,1.5797275783664446,1.5699855699855672,1.5744973258997725,1.5826172891541272
2026-01-19,0.005115351098914912,0.004982180077974736,26900.0,26905.82,1283407384859.0,16259.28,0.0069249485307878444,0.005098370000903962,0.00512164921431979,1.5881099004534103,1.5925802457139842,1.5877825877825846,1.5876230658335473,1.595844548964012
2026-01-20,0.007304237635335973,0.006855854036046631,27010.0,27101.83,1290047148988.0,16377.96,0.004089219330855043,0.00728504093166471,0.00729921620145535,1.607014070192688,1.6103545974553373,1.5983645983645953,1.6064740057838645,1.61479217955227
2026-01-21,-0.02351502995420587,-0.023154606993095742,26470.0,26464.78,1267662831039.0,15992.59,-0.019992595335061036,-0.023505792782258728,-0.0235297924772071,1.545710056241071,1.5499128626386383,1.5464165464165434,1.5452067679115653,1.553266662196381
2026-01-22,0.007208268996832932,0.007459662537762566,26595.0,26655.0,1282105413134.0,16108.0,0.0047223271628258345,0.007187666022540284,0.007216467126337944,1.5640602191143995,1.5689343520946224,1.5584415584415554,1.5635008641176227,1.5716922271288958
2026-01-23,0.0014392447321632227,0.0011316683372202326,26690.0,26693.3,1286616939704.0,16131.17,0.0035721000188004837,0.0014368786344025608,0.0014384156940649984,1.567750529277709,1.5718415337612854,1.5675805675805643,1.567184303738546,1.5753913895887028
2026-01-26,-0.0069245635990169635,-0.0067041877741372685,26535.0,26507.24,1277648941086.0,16019.38,-0.00580741850880484,-0.006970288424436033,-0.006930061489650252,1.5499699774313163,1.5545994251936244,1.552669552669549,1.5492902887028035,1.5575437688989373
2026-01-27,0.02197647967590384,0.02283318586614526,27095.0,27089.51,1308423132998.0,16371.82,0.02110420199736196,0.021966451429873413,0.02200085146865871,1.6060093408145009,1.612929068682618,1.6065416065416027,1.6052891500102415,1.6138119094830765
2026-01-28,0.030150708525142178,0.03136223745287409,27860.0,27905.83,1347851473076.0,16866.03,0.028233991511348977,0.030134173707830225,0.03018662555537488,1.6845823688631971,1.6948763705821595,1.6801346801346764,1.6837973858157755,1.6927140708668214
2026-01-29,0.00874975081795046,0.008363382996582508,28140.0,28150.16,1345577414217.0,17013.54,0.01005025125628145,0.008755518112165017,0.008745982308818512,1.708071795641013,1.7174146537977784,1.7070707070707032,1.7072954224366668,1.7162645004933292
2026-01-30,0.009190747299090706,0.009424033974613886,28400.0,28408.19,1329503090611.0,17170.22,0.009239516702203243,0.00916620012106506,0.009209135782441535,1.732960999182544,1.7430236618182824,1.732082732082728,1.7321110340655648,1.741278949099398
2026-02-02,-0.09460526585651843,-0.09486548225354613,25760.0,25721.05,1196028997441.0,15544.92,-0.09295774647887323,-0.09459032764847042,-0.09465807660006686,1.4744084972793834,1.482805399307003,1.4781144781144744,1.4736797561813018,1.4817947563533966
2026-02-03,0.09365691556839627,0.09384886349439352,28065.0,28128.41,1302345222064.0,17001.57,0.08947981366459623,0.09359493488796145,0.09370585374514628,1.7061539649908006,1.715813864309709,1.6998556998556955,1.705203651894759,1.714353452817719
2026-02-04,0.04965015631484387,0.049325952505652804,29435.0,29524.22,1402400498785.0,17846.28,0.04881525031177625,0.04962278351318128,0.049684235044175296,1.8405149323646284,1.849773969994843,1.8316498316498273,1.8394433870718,1.8492140277604832
2026-02-05,-0.03832744610761125,-0.038051437524136617,28390.0,28393.46,1343010834848.0,17161.87,-0.0355019534567691,-0.03829940299862289,-0.03835028924795536,1.731645249376558,1.7413359738176735,1.7311207311207273,1.7306944004985625,1.7399458456665369
2026-02-06,-0.04329577144987697,-0.043469970553291826,27210.0,27163.37,1271245918382.0,16418.53,-0.041563930961606155,-0.04332300466375005,-0.043313461761451455,1.6133765609774082,1.6221701797591397,1.6176046176046142,1.612392514250487,1.6212693060518117
2026-02-09,0.08282439166000369,0.083658713949529,29285.0,29413.45,1388314797632.0,17779.27,0.07625872840867332,0.08283508268672124,0.08287830883763658,1.829827884818875,1.8415375647545948,1.8172198172198137,1.8287902641785978,1.838515673145391
2026-02-10,-0.01783968202455772,-0.018023406723018255,28910.0,28888.43,1383755912946.0,17461.9,-0.012805190370496877,-0.0178496572146416,-0.017850564168270022,1.7793446551694792,1.790323377506288,1.7811447811447776,1.7782973276308942,1.787846566979269
2026-02-11,0.03453806912123358,0.03510525052823653,29825.0,29894.44,1408028243852.0,18065.35,0.03164994811483912,0.03482397624239186,0.03455809505265739,1.875337852981454,1.8882783787284412,1.8691678691678653,1.8750486877626131,1.8841892336331632
2026-02-12,0.008331663245758123,0.007936511900497658,30110.0,30143.35,1407694515289.0,18215.86,0.009555741827325992,0.008326297465347965,0.008331418987177264,1.8992941996902766,1.9112012344531695,1.8965848965848924,1.8989871983642828,1.9082186225768667
2026-02-13,-0.01375411346117138,-0.01417180864738463,29835.0,29726.25,1388216047852.0,17965.12,-0.009133178346064419,-0.01383721450999964,-0.013764927925445258,1.8594169783104202,1.8699442476244692,1.8701298701298659,1.8588732906387735,1.8681872028456583
2026-02-19,0.021434784963048095,0.021687147764706233,30310.0,30363.49,1411902282969.0,18350.6,0.015920898273839468,0.021436945460661994,0.021457134714379933,1.920707966360193,1.9321851525991698,1.9158249158249117,1.9201588014491402,1.9297302820431783
2026-02-20,0.03276117959651187,0.03361365411040897,31300.0,31356.94,1464369226833.0,18952.48,0.03266248762784563,0.032718570888919496,0.03279892755550229,2.0163938045950824,2.0307466101063154,2.011063011063007,2.015702224201256,2.025822293321074
2026-02-23,0.05712203521904477,0.056681691213797666,33180.0,33148.75,1554676321529.0,20036.09,0.060063897763578344,0.05714237422401558,0.057175103205490796,2.188696357735671,2.2025344536076257,2.1919191919191876,2.1880266092447602,2.198823995223181
2026-02-24,0.01705122957279872,0.017277496900080184,33725.0,33713.24,1581151173992.0,20378.17,0.01642555756479802,0.017028998076850543,0.017073191426071554,2.243067551369369,2.257866232702231,2.24434824434824,2.2423155082425374,2.2534381296319377
2026-02-25,0.0122512282664873,0.007654394071695273,34090.0,34126.12,1614165662462.0,20628.09,0.01082283172720544,0.012246820536976122,0.012264104185999214,2.2827991122248332,2.2828032246802037,2.2794612794612754,2.2820235643962383,2.2933386338164463
2026-02-26,0.03708693703975874,0.03908421800463253,35525.0,35458.48,1698461405312.0,21393.69,0.0420944558521561,0.03904223509733895,0.037114439582142555,2.404548076214091,2.4111090215799154,2.4175084175084134,2.410161099992403,2.4155690515647628
2026-02-27,-0.01946709863425521,-0.020329782746841864,34820.0,34766.65,1710519193641.0,20976.17,-0.019845179451090766,-0.01951098862669809,-0.019516034868225174,2.3382714030093674,2.3417619162454035,2.3496873496873456,2.343625485555243,2.348910686859594
2026-03-03,-0.0800431106492218,-0.08022238281445503,31970.0,31984.54,1624814410645.0,19293.19,-0.08184951177484201,-0.08002237776719934,-0.08023295005713627,2.0710657757211557,2.073677812525598,2.0755170755170718,2.076060623838106,2.0802177029749784
2026-03-04,-0.13338006502873231,-0.1319338839035577,27510.0,27717.83,1469045182888.0,16713.61,-0.1395057866750078,-0.13339913595755948,-0.1337041723012109,1.6614468228479535,1.6681555608509044,1.6464646464646435,1.6657167944650313,1.6683797444911717
2026-03-05,0.10536705609717392,0.10611183662815588,30720.0,30641.36,1660761966931.0,18479.86,0.11668484187568162,0.10547470707483231,0.10567734917830429,1.9418756395306196,1.9512784478224212,1.9552669552669522,1.9468824925056913,1.9503670424900794
2026-03-06,0.0053211628267351265,0.004225413270034058,30840.0,30804.37,1660355536962.0,18578.48,0.00390625,0.005319933579971625,0.005336620515523416,1.9575298388245677,1.9637488189394157,1.966810966810964,1.9625597116338027,1.9661120317773562
2026-03-09,-0.050371796938052375,-0.04986711449295653,29340.0,29253.21,1591374503525.0,17640.12,-0.048638132295719894,-0.05035519311058789,-0.05050789946217349,1.8085537463450656,1.8159552172569993,1.8225108225108198,1.813379445252835,1.8162999434828024
2026-03-10,0.05209643670722803,0.052759961173437134,30735.0,30775.62,1695736899000.0,18561.86,0.04754601226993871,0.05204249379811654,0.05225247900807939,1.9548693888303794,1.9645249051856162,1.956709956709954,1.9597947275841543,1.9634585971600926
2026-03-11,0.0035500163832805193,0.0035407577403196,30825.0,30885.27,1698690048364.0,18627.82,0.002928257686676483,0.00356288516689518,0.0035535231921799415,1.965359223571181,1.9750215696900226,1.965367965367963,1.9703401363161186,1.973989316014166
2026-03-12,0.011539778449839791,0.01168214607347092,31345.0,31242.92,1721485107552.0,18843.32,0.01686942416869419,0.011579953809696342,0.011568718186024896,1.9995788120353817,2.009776206238868,2.015392015392013,2.0047365378937463,2.008394560299383
2026-03-13,0.00020224634147958127,-0.00015546728879997336,31330.0,31246.1,1727909117618.0,18847.28,-0.00047854522252355203,0.00010178305997010639,0.00021015404928648174,2.000185465876095,2.0093082844921897,2.0139490139490115,2.005042369172977,2.0090267865980813
2026-03-16,-0.01374211664348713,-0.014090373313891694,30915.0,30816.04,1716453156152.0,18587.4,-0.01324609000957544,-0.013763637701985187,-0.013788727073614782,1.958956567251931,1.9669060073471076,1.9740259740259716,1.9636820547245648,1.9675361374804843
2026-03-17,0.018092909483154868,0.017626644807658947,31385.0,31374.1,1763224167177.0,18924.74,0.01520297590166586,0.018109400169522116,0.01814885352443052,2.0124927005878064,2.0192026057163246,2.0192400192400166,2.0173525590288035,2.021393516168072
2026-03-18,0.06908164415435539,0.0693245515092539,33530.0,33539.75,1894995592949.0,20235.59,0.06834475067707513,0.06902668124344613,0.06926647340993841,2.220600649347406,2.2285074722731797,2.225589225589223,2.225630392319981,2.230674789816688
2026-03-19,0.006681633104094276,0.00648484569937606,33785.0,33765.45,1907747991088.0,20371.08,0.007605129734566063,0.006729328632443465,0.006695628840078349,2.242119521261153,2.2494438450701537,2.2501202501202475,2.2473367192766998,2.2523061891122986
2026-03-20,0.01859922240336404,0.018413134341511983,34465.0,34391.04,1925898494718.0,20750.87,0.02012727541808501,0.018527518513747232,0.018643586888863917,2.302420423295377,2.3092762911246294,2.315536315536313,2.30750181046347,2.312940842138204
2026-03-23,-0.06470226162193086,-0.06581400485437718,32085.0,32165.65,1804493025409.0,19405.19,-0.06905556361526188,-0.0647084240546375,-0.06484932920884767,2.0887463530817123,2.0914795652360776,2.086580086580084,2.0934785807505185,2.0980988508169465
2026-03-24,0.012473435083272037,0.012692266295233803,32515.0,32567.3,1827025569692.0,19647.96,0.01340190119993756,0.012486923161820096,0.012510570625693385,2.12727363020557,2.1307174471243275,2.127946127946125,2.1321066100910864,2.1368578352954715
2026-03-25,0.055573096489130586,0.05775215051563232,34280.0,34375.9,1966301468605.0,20742.74,0.05428263878210049,0.055534232189957455,0.05571977955981189,2.301065909404898,2.3115231123525675,2.297739297739294,2.3060457458195853,2.311642862388604
2026-03-26,-0.026374249137599837,-0.02554204061923666,33415.0,33469.09,1927819651957.0,20194.41,-0.02523337222870481,-0.026379236616350554,-0.026434791160666382,2.214002774690616,2.226940054505317,2.214526214526211,2.2188347828261312,2.22410027492265
2026-03-27,-0.04517927883147955,-0.04728739647639084,31950.0,31955.83,1831069107136.0,19279.86,-0.04384258566512045,-0.045213658333704165,-0.04528728494667578,2.0687964471677196,2.074346460742378,2.07359307359307,2.073299486722788,2.0780895270755724
2026-03-30,-0.04077722862487603,-0.04103372311648751,30615.0,30690.11,1755474470099.0,18491.51,-0.04178403755868543,-0.03960842199999193,-0.040889819739355016,1.9436594328383543,1.948194579308122,1.9451659451659418,1.9515709437203133,1.9522270011718557
2026-03-31,-0.042057741277390356,-0.041845856986155096,29400.0,29399.92,1714015054622.0,17710.91,-0.03968642822146007,-0.042039275844889534,-0.0422139673828692,1.8198557660032892,1.8248248505750366,1.8282828282828252,1.827489038641494,1.8276017868375614
2026-04-01,0.08994990953818396,0.09062071729419145,31970.0,32041.85,1877652655959.0,19310.37,0.08741496598639453,0.08986180914778008,0.090309306523493,2.0735015370660115,2.0808125047646038,2.075517075517072,2.081572318999336,2.0829605433314513
2026-04-02,-0.045081621657423604,-0.04546550120979072,30595.0,30598.65,1799200709282.0,18436.83,-0.04300907100406626,-0.04504109469334627,-0.0452368338876985,1.9349431036084916,1.9407418201020903,1.94324194324194,1.942774928374892,1.943497169350438
2026-04-03,0.013506722977401797,0.013009785841029319,31000.0,31011.3,1826565346455.0,18686.75,0.013237457100833572,0.013485889083341807,0.013555475643046933,1.974584567063367,1.9790002413953776,1.9822029822029794,1.9824608646561952,1.9833976735349452
2026-04-06,0.019468773995682403,0.02096200934160962,31485.0,31613.75,1871534128920.0,19052.04,0.015645161290322562,0.0194267895896012,0.01954807550804727,2.0324960817305686,2.041446072284165,2.028860028860026,2.0404005043330913,2.041717356527739
2026-04-07,-0.014910487593440595,-0.015224969267749612,31100.0,31143.28,1853024952673.0,18767.03,-0.012228045100841634,-0.014881815665651832,-0.01495955288777484,1.9872800865267677,1.9951401493041208,1.991822991822989,1.9951538244778515,1.9962146248630996
2026-04-08,0.0777720087678484,0.0783911623022912,33575.0,33563.43,1997024000961.0,20231.74,0.07958199356913176,0.07771018338466607,0.07804697919702819,2.219606859608146,2.229932666866329,2.2299182299182267,2.2279077774433094,2.2300601253596217
2026-04-09,-0.015047649712881044,-0.014764236843115421,33155.0,33059.12,2052971364596.0,19926.27,-0.01250930752047652,-0.015025579924340171,-0.015098553065628573,2.1711593433715737,2.182245175985399,2.1895141895141865,2.179406591144936,2.1812908911517086
2026-04-10,0.02502100291827372,0.02506066919790023,33940.0,33885.23,2104273001123.0,20426.46,0.023676670185492465,0.024988868427229693,0.025102038665540505,2.250504930556385,2.261994369647383,2.2650312650312623,2.2588563641277237,2.2611477781077305
2026-04-13,0.04728790081925433,0.0498212207336892,35335.0,35488.71,2203848820916.0,21397.26,0.04110194460813199,0.04732091238572078,0.047526590510543754,2.4042144853250327,2.424510911169637,2.3992303992303965,2.41306842061226,2.4161390131522262
2026-04-14,0.02555256139849653,0.025485556982961496,36395.0,36390.37,2270758786204.0,21945.56,0.029998584972406928,0.025406953366295948,0.02562477625639925,2.491200884974952,2.511786479135024,2.5012025012024983,2.499784090810733,2.5036768110250085
2026-04-15,0.050953968348421586,0.04673857528430804,38285.0,38244.39,2283189816834.0,23066.59,0.051930210193708026,0.05094809423482083,0.051082314600310985,2.6690914243659476,2.6759223758724917,2.6830206830206804,2.678091420470885,2.6826527321436022
2026-04-16,0.010803828115514408,0.008681934381467308,38600.0,38656.96,2280760803889.0,23316.35,0.008227765443385104,0.01078772599066169,0.010827781653031332,2.7087316574549054,2.7078364927311838,2.7133237133237107,2.7177696628835286,2.7225276918311923
2026-04-17,-0.00865502578391147,-0.009128618520644886,38320.0,38318.29,2233956594841.0,23114.02,-0.007253886010362698,-0.008760906186104589,-0.008677601768715903,2.6766324893340245,2.673989067852115,2.686387686387684,2.68519863164546,2.690225078948464
2026-04-20,0.005602405662010141,0.00500750889907417,38580.0,38534.02,2258093778291.0,23243.83,0.006784968684759862,0.005629948518057537,0.005616071977094572,2.6972304760093997,2.692386600804486,2.7113997113997086,2.7059461102204403,2.7109496486035183
2026-04-21,0.003390222324514111,0.002514953646148754,38645.0,38664.41,2292799282751.0,23322.69,0.0016848107827889258,0.003383763230516923,0.003392728306823578,2.7097649093080407,2.7016727819491706,2.7176527176527143,2.7184861544024814,2.7235398925215324
2026-04-22,0.035029693966211986,0.03197249149400261,40000.0,40018.73,2393120096976.0,24141.8,0.03506275067926001,0.035027561522340545,0.03512073435782925,2.8397168387676937,2.8200244834836212,2.8480038480038448,2.848735656945786,2.8543133479575613
2026-04-23,0.06526659237198608,0.06277330452384519,42555.0,42630.8,2583426263526.0,25721.64,0.0638749999999999,0.06527118676679633,0.06544002518453462,3.090322072507396,3.0598200436738834,3.09379509379509,3.099947200826323,3.1065397105169925
2026-04-24,0.06077120739954937,0.06399257100524028,45340.0,45219.27,2767419413037.0,27288.42,0.06544471859945955,0.060718306951781154,0.060912912240432604,3.338895883506698,3.319618366087182,3.3617123617123577,3.348889053452192,3.3566810035155656
2026-04-27,0.08578353623255093,0.08615022340718904,49360.0,49098.27,3053912284249.0,29635.11,0.08866343184825753,0.08578201284540854,0.08599581800631917,3.711101715738761,3.6917544533593905,3.7484367484367436,3.721945510098684,3.731337350205478
2026-04-28,-0.005531946211001194,-0.005041379864838627,48865.0,48787.28,3210202768381.0,29471.34,-0.01002836304700161,-0.006334031728612799,-0.00552621535739195,3.6850401544527385,3.668101536927457,3.700817700817696,3.6920365574169383,3.7051909610797704
2026-04-29,0.04097397359119763,0.041984573868766424,50975.0,50788.89,3341909175058.0,30681.52,0.043180190320270206,0.04102729235981184,0.04106294454205339,3.8770048660149854,3.864089790731491,3.903799903799899,3.8845381130210077,3.8983999565743597
2026-04-30,0.037827879881284616,0.03527486235299083,52820.0,52708.88,3578932858927.0,31843.32,0.036194212849435914,0.03780334636177307,0.03786644207979273,4.061491620267041,4.035669888572132,4.081289081289076,4.069189999124823,4.083884934813642
2026-05-04,0.09829302932192083,0.09542095385646014,58355.0,57887.28,4028954458411.0,34976.79,0.10478985232866345,0.09824530515541219,0.09840274192515097,4.559000964510606,4.5161783126459385,4.613756613756608,4.567214117479605,4.584153152031272
2026-05-06,0.0719105622540486,0.06481726945303029,62350.0,62049.03,4461325412388.0,37494.07,0.06846028617941902,0.07189403267868166,0.07197001211374743,4.958751849439362,4.873721928687672,4.998075998075992,4.967463591170901,4.986044722027983
